
****** Vivado v2021.2 (64-bit)
  **** SW Build 3367213 on Tue Oct 19 02:47:39 MDT 2021
  **** IP Build 3369179 on Thu Oct 21 08:25:16 MDT 2021
    ** Copyright 1986-2021 Xilinx, Inc. All Rights Reserved.

source /ecel/UFAD/ymahmud/bnn_fcc_contest/.venv_openflex/lib64/python3.11/site-packages/openflex/tcl/vivado_flow.tcl
# set num_args [llength $argv]
# if {$num_args < 2} {
#     error "ERROR: usage <top_module_name> <device_name> [clock_period]"
# }
# set top [lindex $argv 0]
# set device [lindex $argv 1]
# if {$num_args > 2} {
#     set clock_period [lindex $argv 2]
# } else {
#     set clock_period 1
#     puts "INFO: Using default clock constraint of 1 ns."
# }
# set filelist_path "filelist.txt"
# set fileID [open $filelist_path r]
# set file_names [split [read $fileID] "\n"]
# close $fileID
# set output_dir ./outputs
# file mkdir $output_dir
# puts "----------------------------------------"
----------------------------------------
# puts " Reading design files"
 Reading design files
# puts "----------------------------------------"
----------------------------------------
# set num_files [llength $file_names]
# puts "Num Files = $num_files"
Num Files = 8
# foreach file $file_names {
#     if {![string is space $file]} {
#     
#         puts "Processing file ->$file<-"
#         read_verilog -sv $file
#     }
# }
Processing file ->/ecel/UFAD/ymahmud/bnn_fcc_contest/rtl/bnn_types_pkg.sv<-
Processing file ->/ecel/UFAD/ymahmud/bnn_fcc_contest/rtl/layer_memory.sv<-
Processing file ->/ecel/UFAD/ymahmud/bnn_fcc_contest/rtl/compute_layer.sv<-
Processing file ->/ecel/UFAD/ymahmud/bnn_fcc_contest/rtl/config_parser.sv<-
Processing file ->/ecel/UFAD/ymahmud/bnn_fcc_contest/rtl/neural_processor.sv<-
Processing file ->/ecel/UFAD/ymahmud/bnn_fcc_contest/rtl/bnn_fcc.sv<-
Processing file ->/ecel/UFAD/ymahmud/bnn_fcc_contest/openflex/rtl/bnn_fcc_timing.sv<-
# set pairs_list {}
# set parameters_path "parameters.txt"
# set fileID [open $parameters_path r]
# while {[gets $fileID line] != -1} {
#     # Split the line into two strings using whitespace as the delimiter
#     set pair [split $line]
# 
#     # Append the pair to the list
#     lappend pairs_list $pair
# }
# close $fileID
# read_xdc vivado.xdc
# puts "----------------------------------------"
----------------------------------------
# puts " Running out-of-contex synthesis"
 Running out-of-contex synthesis
# puts "----------------------------------------"
----------------------------------------
# set synth_cmd "synth_design -top $top -part $device -mode out_of_context"
# foreach pair $pairs_list {
#     #puts "Pair 1: [lindex $pair 0], Pair 2: [lindex $pair 1]"
#     set pname [lindex $pair 0]
#     set pval [lindex $pair 1]
#     append synth_cmd " -generic $pname=$pval"
# }
# eval $synth_cmd
Command: synth_design -top bnn_fcc_timing -part XCU250-FIGD2104-2L-E -mode out_of_context -generic INPUT_DATA_WIDTH=8 -generic INPUT_BUS_WIDTH=64 -generic CONFIG_BUS_WIDTH=64 -generic OUTPUT_DATA_WIDTH=4 -generic OUTPUT_BUS_WIDTH=8 -generic TOTAL_LAYERS=4
Starting synth_design
Attempting to get a license for feature 'Synthesis' and/or device 'xcu250'
INFO: [Common 17-349] Got license for feature 'Synthesis' and/or device 'xcu250'
INFO: [Device 21-403] Loading part xcu250-figd2104-2L-e
INFO: [Synth 8-7079] Multithreading enabled for synth_design using a maximum of 4 processes.
INFO: [Synth 8-7078] Launching helper process for spawning children vivado processes
INFO: [Synth 8-7075] Helper process launched with PID 2439324
---------------------------------------------------------------------------------
Starting RTL Elaboration : Time (s): cpu = 00:00:03 ; elapsed = 00:00:03 . Memory (MB): peak = 3538.719 ; gain = 302.738 ; free physical = 10111 ; free virtual = 74174
---------------------------------------------------------------------------------
INFO: [Synth 8-6157] synthesizing module 'bnn_fcc_timing' [/ecel/UFAD/ymahmud/bnn_fcc_contest/openflex/rtl/bnn_fcc_timing.sv:13]
	Parameter INPUT_DATA_WIDTH bound to: 32'sb00000000000000000000000000001000 
	Parameter INPUT_BUS_WIDTH bound to: 32'sb00000000000000000000000001000000 
	Parameter CONFIG_BUS_WIDTH bound to: 32'sb00000000000000000000000001000000 
	Parameter OUTPUT_DATA_WIDTH bound to: 32'sb00000000000000000000000000000100 
	Parameter OUTPUT_BUS_WIDTH bound to: 32'sb00000000000000000000000000001000 
	Parameter TOTAL_LAYERS bound to: 32'sb00000000000000000000000000000100 
INFO: [Synth 8-6157] synthesizing module 'bnn_fcc' [/ecel/UFAD/ymahmud/bnn_fcc_contest/rtl/bnn_fcc.sv:1]
	Parameter INPUT_DATA_WIDTH bound to: 32'sb00000000000000000000000000001000 
	Parameter INPUT_BUS_WIDTH bound to: 32'sb00000000000000000000000001000000 
	Parameter CONFIG_BUS_WIDTH bound to: 32'sb00000000000000000000000001000000 
	Parameter OUTPUT_DATA_WIDTH bound to: 32'sb00000000000000000000000000000100 
	Parameter OUTPUT_BUS_WIDTH bound to: 32'sb00000000000000000000000000001000 
	Parameter TOTAL_LAYERS bound to: 32'sb00000000000000000000000000000100 
	Parameter TOPOLOGY bound to: 128'b00000000000000000000001100010000000000000000000000000001000000000000000000000000000000010000000000000000000000000000000000001010 
	Parameter PARALLEL_INPUTS bound to: 32'sb00000000000000000000000000001000 
	Parameter PARALLEL_NEURONS bound to: 96'b000000000000000000000000000010000000000000000000000000000000100000000000000000000000000000001010 
INFO: [Synth 8-6157] synthesizing module 'layer_memory' [/ecel/UFAD/ymahmud/bnn_fcc_contest/rtl/layer_memory.sv:1]
	Parameter CONFIG_BUS_WIDTH bound to: 32'sb00000000000000000000000001000000 
	Parameter LAYER_INPUTS bound to: 784 - type: integer 
	Parameter NUM_NEURONS bound to: 256 - type: integer 
	Parameter PARALLEL_NEURONS bound to: 8 - type: integer 
	Parameter PARALLEL_INPUTS bound to: 32'sb00000000000000000000000000001000 
WARNING: [Synth 8-6014] Unused sequential element gen_weight_ports[0].lane_byte_sum_reg was removed.  [/ecel/UFAD/ymahmud/bnn_fcc_contest/rtl/layer_memory.sv:224]
WARNING: [Synth 8-6014] Unused sequential element gen_weight_ports[0].lane_byte_offset_mod_reg was removed.  [/ecel/UFAD/ymahmud/bnn_fcc_contest/rtl/layer_memory.sv:225]
WARNING: [Synth 8-6014] Unused sequential element gen_weight_ports[0].start_word_addr_ext_reg was removed.  [/ecel/UFAD/ymahmud/bnn_fcc_contest/rtl/layer_memory.sv:226]
WARNING: [Synth 8-6014] Unused sequential element gen_weight_ports[0].next_lo_addr_reg was removed.  [/ecel/UFAD/ymahmud/bnn_fcc_contest/rtl/layer_memory.sv:238]
WARNING: [Synth 8-6014] Unused sequential element gen_weight_ports[0].next_hi_addr_reg was removed.  [/ecel/UFAD/ymahmud/bnn_fcc_contest/rtl/layer_memory.sv:239]
WARNING: [Synth 8-6014] Unused sequential element gen_weight_ports[1].lane_byte_sum_reg was removed.  [/ecel/UFAD/ymahmud/bnn_fcc_contest/rtl/layer_memory.sv:224]
WARNING: [Synth 8-6014] Unused sequential element gen_weight_ports[1].lane_byte_offset_mod_reg was removed.  [/ecel/UFAD/ymahmud/bnn_fcc_contest/rtl/layer_memory.sv:225]
WARNING: [Synth 8-6014] Unused sequential element gen_weight_ports[1].start_word_addr_ext_reg was removed.  [/ecel/UFAD/ymahmud/bnn_fcc_contest/rtl/layer_memory.sv:226]
WARNING: [Synth 8-6014] Unused sequential element gen_weight_ports[1].next_lo_addr_reg was removed.  [/ecel/UFAD/ymahmud/bnn_fcc_contest/rtl/layer_memory.sv:238]
WARNING: [Synth 8-6014] Unused sequential element gen_weight_ports[1].next_hi_addr_reg was removed.  [/ecel/UFAD/ymahmud/bnn_fcc_contest/rtl/layer_memory.sv:239]
WARNING: [Synth 8-6014] Unused sequential element gen_weight_ports[2].lane_byte_sum_reg was removed.  [/ecel/UFAD/ymahmud/bnn_fcc_contest/rtl/layer_memory.sv:224]
WARNING: [Synth 8-6014] Unused sequential element gen_weight_ports[2].lane_byte_offset_mod_reg was removed.  [/ecel/UFAD/ymahmud/bnn_fcc_contest/rtl/layer_memory.sv:225]
WARNING: [Synth 8-6014] Unused sequential element gen_weight_ports[2].start_word_addr_ext_reg was removed.  [/ecel/UFAD/ymahmud/bnn_fcc_contest/rtl/layer_memory.sv:226]
WARNING: [Synth 8-6014] Unused sequential element gen_weight_ports[2].next_lo_addr_reg was removed.  [/ecel/UFAD/ymahmud/bnn_fcc_contest/rtl/layer_memory.sv:238]
WARNING: [Synth 8-6014] Unused sequential element gen_weight_ports[2].next_hi_addr_reg was removed.  [/ecel/UFAD/ymahmud/bnn_fcc_contest/rtl/layer_memory.sv:239]
WARNING: [Synth 8-6014] Unused sequential element gen_weight_ports[3].lane_byte_sum_reg was removed.  [/ecel/UFAD/ymahmud/bnn_fcc_contest/rtl/layer_memory.sv:224]
WARNING: [Synth 8-6014] Unused sequential element gen_weight_ports[3].lane_byte_offset_mod_reg was removed.  [/ecel/UFAD/ymahmud/bnn_fcc_contest/rtl/layer_memory.sv:225]
WARNING: [Synth 8-6014] Unused sequential element gen_weight_ports[3].start_word_addr_ext_reg was removed.  [/ecel/UFAD/ymahmud/bnn_fcc_contest/rtl/layer_memory.sv:226]
WARNING: [Synth 8-6014] Unused sequential element gen_weight_ports[3].next_lo_addr_reg was removed.  [/ecel/UFAD/ymahmud/bnn_fcc_contest/rtl/layer_memory.sv:238]
WARNING: [Synth 8-6014] Unused sequential element gen_weight_ports[3].next_hi_addr_reg was removed.  [/ecel/UFAD/ymahmud/bnn_fcc_contest/rtl/layer_memory.sv:239]
WARNING: [Synth 8-6014] Unused sequential element gen_weight_ports[4].lane_byte_sum_reg was removed.  [/ecel/UFAD/ymahmud/bnn_fcc_contest/rtl/layer_memory.sv:224]
WARNING: [Synth 8-6014] Unused sequential element gen_weight_ports[4].lane_byte_offset_mod_reg was removed.  [/ecel/UFAD/ymahmud/bnn_fcc_contest/rtl/layer_memory.sv:225]
WARNING: [Synth 8-6014] Unused sequential element gen_weight_ports[4].start_word_addr_ext_reg was removed.  [/ecel/UFAD/ymahmud/bnn_fcc_contest/rtl/layer_memory.sv:226]
WARNING: [Synth 8-6014] Unused sequential element gen_weight_ports[4].next_lo_addr_reg was removed.  [/ecel/UFAD/ymahmud/bnn_fcc_contest/rtl/layer_memory.sv:238]
WARNING: [Synth 8-6014] Unused sequential element gen_weight_ports[4].next_hi_addr_reg was removed.  [/ecel/UFAD/ymahmud/bnn_fcc_contest/rtl/layer_memory.sv:239]
WARNING: [Synth 8-6014] Unused sequential element gen_weight_ports[5].lane_byte_sum_reg was removed.  [/ecel/UFAD/ymahmud/bnn_fcc_contest/rtl/layer_memory.sv:224]
WARNING: [Synth 8-6014] Unused sequential element gen_weight_ports[5].lane_byte_offset_mod_reg was removed.  [/ecel/UFAD/ymahmud/bnn_fcc_contest/rtl/layer_memory.sv:225]
WARNING: [Synth 8-6014] Unused sequential element gen_weight_ports[5].start_word_addr_ext_reg was removed.  [/ecel/UFAD/ymahmud/bnn_fcc_contest/rtl/layer_memory.sv:226]
WARNING: [Synth 8-6014] Unused sequential element gen_weight_ports[5].next_lo_addr_reg was removed.  [/ecel/UFAD/ymahmud/bnn_fcc_contest/rtl/layer_memory.sv:238]
WARNING: [Synth 8-6014] Unused sequential element gen_weight_ports[5].next_hi_addr_reg was removed.  [/ecel/UFAD/ymahmud/bnn_fcc_contest/rtl/layer_memory.sv:239]
WARNING: [Synth 8-6014] Unused sequential element gen_weight_ports[6].lane_byte_sum_reg was removed.  [/ecel/UFAD/ymahmud/bnn_fcc_contest/rtl/layer_memory.sv:224]
WARNING: [Synth 8-6014] Unused sequential element gen_weight_ports[6].lane_byte_offset_mod_reg was removed.  [/ecel/UFAD/ymahmud/bnn_fcc_contest/rtl/layer_memory.sv:225]
WARNING: [Synth 8-6014] Unused sequential element gen_weight_ports[6].start_word_addr_ext_reg was removed.  [/ecel/UFAD/ymahmud/bnn_fcc_contest/rtl/layer_memory.sv:226]
WARNING: [Synth 8-6014] Unused sequential element gen_weight_ports[6].next_lo_addr_reg was removed.  [/ecel/UFAD/ymahmud/bnn_fcc_contest/rtl/layer_memory.sv:238]
WARNING: [Synth 8-6014] Unused sequential element gen_weight_ports[6].next_hi_addr_reg was removed.  [/ecel/UFAD/ymahmud/bnn_fcc_contest/rtl/layer_memory.sv:239]
WARNING: [Synth 8-6014] Unused sequential element gen_weight_ports[7].lane_byte_sum_reg was removed.  [/ecel/UFAD/ymahmud/bnn_fcc_contest/rtl/layer_memory.sv:224]
WARNING: [Synth 8-6014] Unused sequential element gen_weight_ports[7].lane_byte_offset_mod_reg was removed.  [/ecel/UFAD/ymahmud/bnn_fcc_contest/rtl/layer_memory.sv:225]
WARNING: [Synth 8-6014] Unused sequential element gen_weight_ports[7].start_word_addr_ext_reg was removed.  [/ecel/UFAD/ymahmud/bnn_fcc_contest/rtl/layer_memory.sv:226]
WARNING: [Synth 8-6014] Unused sequential element gen_weight_ports[7].next_lo_addr_reg was removed.  [/ecel/UFAD/ymahmud/bnn_fcc_contest/rtl/layer_memory.sv:238]
WARNING: [Synth 8-6014] Unused sequential element gen_weight_ports[7].next_hi_addr_reg was removed.  [/ecel/UFAD/ymahmud/bnn_fcc_contest/rtl/layer_memory.sv:239]
WARNING: [Synth 8-3936] Found unconnected internal register 'gen_weight_ports[7].shifted_double_word_q_reg' and it is trimmed from '128' to '64' bits. [/ecel/UFAD/ymahmud/bnn_fcc_contest/rtl/layer_memory.sv:255]
WARNING: [Synth 8-3936] Found unconnected internal register 'gen_weight_ports[6].shifted_double_word_q_reg' and it is trimmed from '128' to '64' bits. [/ecel/UFAD/ymahmud/bnn_fcc_contest/rtl/layer_memory.sv:255]
WARNING: [Synth 8-3936] Found unconnected internal register 'gen_weight_ports[5].shifted_double_word_q_reg' and it is trimmed from '128' to '64' bits. [/ecel/UFAD/ymahmud/bnn_fcc_contest/rtl/layer_memory.sv:255]
WARNING: [Synth 8-3936] Found unconnected internal register 'gen_weight_ports[4].shifted_double_word_q_reg' and it is trimmed from '128' to '64' bits. [/ecel/UFAD/ymahmud/bnn_fcc_contest/rtl/layer_memory.sv:255]
WARNING: [Synth 8-3936] Found unconnected internal register 'gen_weight_ports[3].shifted_double_word_q_reg' and it is trimmed from '128' to '64' bits. [/ecel/UFAD/ymahmud/bnn_fcc_contest/rtl/layer_memory.sv:255]
WARNING: [Synth 8-3936] Found unconnected internal register 'gen_weight_ports[2].shifted_double_word_q_reg' and it is trimmed from '128' to '64' bits. [/ecel/UFAD/ymahmud/bnn_fcc_contest/rtl/layer_memory.sv:255]
WARNING: [Synth 8-3936] Found unconnected internal register 'gen_weight_ports[1].shifted_double_word_q_reg' and it is trimmed from '128' to '64' bits. [/ecel/UFAD/ymahmud/bnn_fcc_contest/rtl/layer_memory.sv:255]
WARNING: [Synth 8-3936] Found unconnected internal register 'gen_weight_ports[0].shifted_double_word_q_reg' and it is trimmed from '128' to '64' bits. [/ecel/UFAD/ymahmud/bnn_fcc_contest/rtl/layer_memory.sv:255]
INFO: [Synth 8-6155] done synthesizing module 'layer_memory' (1#1) [/ecel/UFAD/ymahmud/bnn_fcc_contest/rtl/layer_memory.sv:1]
INFO: [Synth 8-6157] synthesizing module 'compute_layer' [/ecel/UFAD/ymahmud/bnn_fcc_contest/rtl/compute_layer.sv:1]
	Parameter LAYER_ID bound to: 32'sb00000000000000000000000000000001 
	Parameter LAYER_INPUTS bound to: 784 - type: integer 
	Parameter NUM_NEURONS bound to: 256 - type: integer 
	Parameter CONFIG_BUS_WIDTH bound to: 32'sb00000000000000000000000001000000 
	Parameter PARALLEL_INPUTS bound to: 32'sb00000000000000000000000000001000 
	Parameter PARALLEL_NEURONS bound to: 8 - type: integer 
	Parameter IS_OUTPUT_LAYER bound to: 1'b0 
INFO: [Synth 8-6157] synthesizing module 'neural_processor' [/ecel/UFAD/ymahmud/bnn_fcc_contest/rtl/neural_processor.sv:1]
	Parameter N bound to: 64 - type: integer 
	Parameter ACC_WIDTH bound to: 10 - type: integer 
INFO: [Synth 8-6155] done synthesizing module 'neural_processor' (2#1) [/ecel/UFAD/ymahmud/bnn_fcc_contest/rtl/neural_processor.sv:1]
INFO: [Synth 8-155] case statement is not full and has no default [/ecel/UFAD/ymahmud/bnn_fcc_contest/rtl/compute_layer.sv:142]
INFO: [Synth 8-6155] done synthesizing module 'compute_layer' (3#1) [/ecel/UFAD/ymahmud/bnn_fcc_contest/rtl/compute_layer.sv:1]
INFO: [Synth 8-6157] synthesizing module 'layer_memory__parameterized0' [/ecel/UFAD/ymahmud/bnn_fcc_contest/rtl/layer_memory.sv:1]
	Parameter CONFIG_BUS_WIDTH bound to: 32'sb00000000000000000000000001000000 
	Parameter LAYER_INPUTS bound to: 256 - type: integer 
	Parameter NUM_NEURONS bound to: 256 - type: integer 
	Parameter PARALLEL_NEURONS bound to: 8 - type: integer 
	Parameter PARALLEL_INPUTS bound to: 32'sb00000000000000000000000000001000 
WARNING: [Synth 8-6014] Unused sequential element gen_weight_ports[0].lane_byte_sum_reg was removed.  [/ecel/UFAD/ymahmud/bnn_fcc_contest/rtl/layer_memory.sv:224]
WARNING: [Synth 8-6014] Unused sequential element gen_weight_ports[0].lane_byte_offset_mod_reg was removed.  [/ecel/UFAD/ymahmud/bnn_fcc_contest/rtl/layer_memory.sv:225]
WARNING: [Synth 8-6014] Unused sequential element gen_weight_ports[0].start_word_addr_ext_reg was removed.  [/ecel/UFAD/ymahmud/bnn_fcc_contest/rtl/layer_memory.sv:226]
WARNING: [Synth 8-6014] Unused sequential element gen_weight_ports[0].next_lo_addr_reg was removed.  [/ecel/UFAD/ymahmud/bnn_fcc_contest/rtl/layer_memory.sv:238]
WARNING: [Synth 8-6014] Unused sequential element gen_weight_ports[0].next_hi_addr_reg was removed.  [/ecel/UFAD/ymahmud/bnn_fcc_contest/rtl/layer_memory.sv:239]
WARNING: [Synth 8-6014] Unused sequential element gen_weight_ports[1].lane_byte_sum_reg was removed.  [/ecel/UFAD/ymahmud/bnn_fcc_contest/rtl/layer_memory.sv:224]
WARNING: [Synth 8-6014] Unused sequential element gen_weight_ports[1].lane_byte_offset_mod_reg was removed.  [/ecel/UFAD/ymahmud/bnn_fcc_contest/rtl/layer_memory.sv:225]
WARNING: [Synth 8-6014] Unused sequential element gen_weight_ports[1].start_word_addr_ext_reg was removed.  [/ecel/UFAD/ymahmud/bnn_fcc_contest/rtl/layer_memory.sv:226]
WARNING: [Synth 8-6014] Unused sequential element gen_weight_ports[1].next_lo_addr_reg was removed.  [/ecel/UFAD/ymahmud/bnn_fcc_contest/rtl/layer_memory.sv:238]
WARNING: [Synth 8-6014] Unused sequential element gen_weight_ports[1].next_hi_addr_reg was removed.  [/ecel/UFAD/ymahmud/bnn_fcc_contest/rtl/layer_memory.sv:239]
WARNING: [Synth 8-6014] Unused sequential element gen_weight_ports[2].lane_byte_sum_reg was removed.  [/ecel/UFAD/ymahmud/bnn_fcc_contest/rtl/layer_memory.sv:224]
WARNING: [Synth 8-6014] Unused sequential element gen_weight_ports[2].lane_byte_offset_mod_reg was removed.  [/ecel/UFAD/ymahmud/bnn_fcc_contest/rtl/layer_memory.sv:225]
WARNING: [Synth 8-6014] Unused sequential element gen_weight_ports[2].start_word_addr_ext_reg was removed.  [/ecel/UFAD/ymahmud/bnn_fcc_contest/rtl/layer_memory.sv:226]
WARNING: [Synth 8-6014] Unused sequential element gen_weight_ports[2].next_lo_addr_reg was removed.  [/ecel/UFAD/ymahmud/bnn_fcc_contest/rtl/layer_memory.sv:238]
WARNING: [Synth 8-6014] Unused sequential element gen_weight_ports[2].next_hi_addr_reg was removed.  [/ecel/UFAD/ymahmud/bnn_fcc_contest/rtl/layer_memory.sv:239]
WARNING: [Synth 8-6014] Unused sequential element gen_weight_ports[3].lane_byte_sum_reg was removed.  [/ecel/UFAD/ymahmud/bnn_fcc_contest/rtl/layer_memory.sv:224]
WARNING: [Synth 8-6014] Unused sequential element gen_weight_ports[3].lane_byte_offset_mod_reg was removed.  [/ecel/UFAD/ymahmud/bnn_fcc_contest/rtl/layer_memory.sv:225]
WARNING: [Synth 8-6014] Unused sequential element gen_weight_ports[3].start_word_addr_ext_reg was removed.  [/ecel/UFAD/ymahmud/bnn_fcc_contest/rtl/layer_memory.sv:226]
WARNING: [Synth 8-6014] Unused sequential element gen_weight_ports[3].next_lo_addr_reg was removed.  [/ecel/UFAD/ymahmud/bnn_fcc_contest/rtl/layer_memory.sv:238]
WARNING: [Synth 8-6014] Unused sequential element gen_weight_ports[3].next_hi_addr_reg was removed.  [/ecel/UFAD/ymahmud/bnn_fcc_contest/rtl/layer_memory.sv:239]
WARNING: [Synth 8-6014] Unused sequential element gen_weight_ports[4].lane_byte_sum_reg was removed.  [/ecel/UFAD/ymahmud/bnn_fcc_contest/rtl/layer_memory.sv:224]
WARNING: [Synth 8-6014] Unused sequential element gen_weight_ports[4].lane_byte_offset_mod_reg was removed.  [/ecel/UFAD/ymahmud/bnn_fcc_contest/rtl/layer_memory.sv:225]
WARNING: [Synth 8-6014] Unused sequential element gen_weight_ports[4].start_word_addr_ext_reg was removed.  [/ecel/UFAD/ymahmud/bnn_fcc_contest/rtl/layer_memory.sv:226]
WARNING: [Synth 8-6014] Unused sequential element gen_weight_ports[4].next_lo_addr_reg was removed.  [/ecel/UFAD/ymahmud/bnn_fcc_contest/rtl/layer_memory.sv:238]
WARNING: [Synth 8-6014] Unused sequential element gen_weight_ports[4].next_hi_addr_reg was removed.  [/ecel/UFAD/ymahmud/bnn_fcc_contest/rtl/layer_memory.sv:239]
WARNING: [Synth 8-6014] Unused sequential element gen_weight_ports[5].lane_byte_sum_reg was removed.  [/ecel/UFAD/ymahmud/bnn_fcc_contest/rtl/layer_memory.sv:224]
WARNING: [Synth 8-6014] Unused sequential element gen_weight_ports[5].lane_byte_offset_mod_reg was removed.  [/ecel/UFAD/ymahmud/bnn_fcc_contest/rtl/layer_memory.sv:225]
WARNING: [Synth 8-6014] Unused sequential element gen_weight_ports[5].start_word_addr_ext_reg was removed.  [/ecel/UFAD/ymahmud/bnn_fcc_contest/rtl/layer_memory.sv:226]
WARNING: [Synth 8-6014] Unused sequential element gen_weight_ports[5].next_lo_addr_reg was removed.  [/ecel/UFAD/ymahmud/bnn_fcc_contest/rtl/layer_memory.sv:238]
WARNING: [Synth 8-6014] Unused sequential element gen_weight_ports[5].next_hi_addr_reg was removed.  [/ecel/UFAD/ymahmud/bnn_fcc_contest/rtl/layer_memory.sv:239]
WARNING: [Synth 8-6014] Unused sequential element gen_weight_ports[6].lane_byte_sum_reg was removed.  [/ecel/UFAD/ymahmud/bnn_fcc_contest/rtl/layer_memory.sv:224]
WARNING: [Synth 8-6014] Unused sequential element gen_weight_ports[6].lane_byte_offset_mod_reg was removed.  [/ecel/UFAD/ymahmud/bnn_fcc_contest/rtl/layer_memory.sv:225]
WARNING: [Synth 8-6014] Unused sequential element gen_weight_ports[6].start_word_addr_ext_reg was removed.  [/ecel/UFAD/ymahmud/bnn_fcc_contest/rtl/layer_memory.sv:226]
WARNING: [Synth 8-6014] Unused sequential element gen_weight_ports[6].next_lo_addr_reg was removed.  [/ecel/UFAD/ymahmud/bnn_fcc_contest/rtl/layer_memory.sv:238]
WARNING: [Synth 8-6014] Unused sequential element gen_weight_ports[6].next_hi_addr_reg was removed.  [/ecel/UFAD/ymahmud/bnn_fcc_contest/rtl/layer_memory.sv:239]
WARNING: [Synth 8-6014] Unused sequential element gen_weight_ports[7].lane_byte_sum_reg was removed.  [/ecel/UFAD/ymahmud/bnn_fcc_contest/rtl/layer_memory.sv:224]
WARNING: [Synth 8-6014] Unused sequential element gen_weight_ports[7].lane_byte_offset_mod_reg was removed.  [/ecel/UFAD/ymahmud/bnn_fcc_contest/rtl/layer_memory.sv:225]
WARNING: [Synth 8-6014] Unused sequential element gen_weight_ports[7].start_word_addr_ext_reg was removed.  [/ecel/UFAD/ymahmud/bnn_fcc_contest/rtl/layer_memory.sv:226]
WARNING: [Synth 8-6014] Unused sequential element gen_weight_ports[7].next_lo_addr_reg was removed.  [/ecel/UFAD/ymahmud/bnn_fcc_contest/rtl/layer_memory.sv:238]
WARNING: [Synth 8-6014] Unused sequential element gen_weight_ports[7].next_hi_addr_reg was removed.  [/ecel/UFAD/ymahmud/bnn_fcc_contest/rtl/layer_memory.sv:239]
WARNING: [Synth 8-3936] Found unconnected internal register 'gen_weight_ports[7].shifted_double_word_q_reg' and it is trimmed from '128' to '64' bits. [/ecel/UFAD/ymahmud/bnn_fcc_contest/rtl/layer_memory.sv:255]
WARNING: [Synth 8-3936] Found unconnected internal register 'gen_weight_ports[6].shifted_double_word_q_reg' and it is trimmed from '128' to '64' bits. [/ecel/UFAD/ymahmud/bnn_fcc_contest/rtl/layer_memory.sv:255]
WARNING: [Synth 8-3936] Found unconnected internal register 'gen_weight_ports[5].shifted_double_word_q_reg' and it is trimmed from '128' to '64' bits. [/ecel/UFAD/ymahmud/bnn_fcc_contest/rtl/layer_memory.sv:255]
WARNING: [Synth 8-3936] Found unconnected internal register 'gen_weight_ports[4].shifted_double_word_q_reg' and it is trimmed from '128' to '64' bits. [/ecel/UFAD/ymahmud/bnn_fcc_contest/rtl/layer_memory.sv:255]
WARNING: [Synth 8-3936] Found unconnected internal register 'gen_weight_ports[3].shifted_double_word_q_reg' and it is trimmed from '128' to '64' bits. [/ecel/UFAD/ymahmud/bnn_fcc_contest/rtl/layer_memory.sv:255]
WARNING: [Synth 8-3936] Found unconnected internal register 'gen_weight_ports[2].shifted_double_word_q_reg' and it is trimmed from '128' to '64' bits. [/ecel/UFAD/ymahmud/bnn_fcc_contest/rtl/layer_memory.sv:255]
WARNING: [Synth 8-3936] Found unconnected internal register 'gen_weight_ports[1].shifted_double_word_q_reg' and it is trimmed from '128' to '64' bits. [/ecel/UFAD/ymahmud/bnn_fcc_contest/rtl/layer_memory.sv:255]
WARNING: [Synth 8-3936] Found unconnected internal register 'gen_weight_ports[0].shifted_double_word_q_reg' and it is trimmed from '128' to '64' bits. [/ecel/UFAD/ymahmud/bnn_fcc_contest/rtl/layer_memory.sv:255]
INFO: [Synth 8-6155] done synthesizing module 'layer_memory__parameterized0' (3#1) [/ecel/UFAD/ymahmud/bnn_fcc_contest/rtl/layer_memory.sv:1]
INFO: [Synth 8-6157] synthesizing module 'compute_layer__parameterized0' [/ecel/UFAD/ymahmud/bnn_fcc_contest/rtl/compute_layer.sv:1]
	Parameter LAYER_ID bound to: 32'sb00000000000000000000000000000010 
	Parameter LAYER_INPUTS bound to: 256 - type: integer 
	Parameter NUM_NEURONS bound to: 256 - type: integer 
	Parameter CONFIG_BUS_WIDTH bound to: 32'sb00000000000000000000000001000000 
	Parameter PARALLEL_INPUTS bound to: 32'sb00000000000000000000000000001000 
	Parameter PARALLEL_NEURONS bound to: 8 - type: integer 
	Parameter IS_OUTPUT_LAYER bound to: 1'b0 
INFO: [Synth 8-6157] synthesizing module 'neural_processor__parameterized0' [/ecel/UFAD/ymahmud/bnn_fcc_contest/rtl/neural_processor.sv:1]
	Parameter N bound to: 64 - type: integer 
	Parameter ACC_WIDTH bound to: 9 - type: integer 
INFO: [Synth 8-6155] done synthesizing module 'neural_processor__parameterized0' (3#1) [/ecel/UFAD/ymahmud/bnn_fcc_contest/rtl/neural_processor.sv:1]
INFO: [Synth 8-155] case statement is not full and has no default [/ecel/UFAD/ymahmud/bnn_fcc_contest/rtl/compute_layer.sv:142]
INFO: [Synth 8-6155] done synthesizing module 'compute_layer__parameterized0' (3#1) [/ecel/UFAD/ymahmud/bnn_fcc_contest/rtl/compute_layer.sv:1]
INFO: [Synth 8-6157] synthesizing module 'layer_memory__parameterized1' [/ecel/UFAD/ymahmud/bnn_fcc_contest/rtl/layer_memory.sv:1]
	Parameter CONFIG_BUS_WIDTH bound to: 32'sb00000000000000000000000001000000 
	Parameter LAYER_INPUTS bound to: 256 - type: integer 
	Parameter NUM_NEURONS bound to: 10 - type: integer 
	Parameter PARALLEL_NEURONS bound to: 10 - type: integer 
	Parameter PARALLEL_INPUTS bound to: 32'sb00000000000000000000000000001000 
WARNING: [Synth 8-6014] Unused sequential element gen_weight_ports[0].lane_byte_sum_reg was removed.  [/ecel/UFAD/ymahmud/bnn_fcc_contest/rtl/layer_memory.sv:224]
WARNING: [Synth 8-6014] Unused sequential element gen_weight_ports[0].lane_byte_offset_mod_reg was removed.  [/ecel/UFAD/ymahmud/bnn_fcc_contest/rtl/layer_memory.sv:225]
WARNING: [Synth 8-6014] Unused sequential element gen_weight_ports[0].start_word_addr_ext_reg was removed.  [/ecel/UFAD/ymahmud/bnn_fcc_contest/rtl/layer_memory.sv:226]
WARNING: [Synth 8-6014] Unused sequential element gen_weight_ports[0].next_lo_addr_reg was removed.  [/ecel/UFAD/ymahmud/bnn_fcc_contest/rtl/layer_memory.sv:238]
WARNING: [Synth 8-6014] Unused sequential element gen_weight_ports[0].next_hi_addr_reg was removed.  [/ecel/UFAD/ymahmud/bnn_fcc_contest/rtl/layer_memory.sv:239]
WARNING: [Synth 8-6014] Unused sequential element gen_weight_ports[1].lane_byte_sum_reg was removed.  [/ecel/UFAD/ymahmud/bnn_fcc_contest/rtl/layer_memory.sv:224]
WARNING: [Synth 8-6014] Unused sequential element gen_weight_ports[1].lane_byte_offset_mod_reg was removed.  [/ecel/UFAD/ymahmud/bnn_fcc_contest/rtl/layer_memory.sv:225]
WARNING: [Synth 8-6014] Unused sequential element gen_weight_ports[1].start_word_addr_ext_reg was removed.  [/ecel/UFAD/ymahmud/bnn_fcc_contest/rtl/layer_memory.sv:226]
WARNING: [Synth 8-6014] Unused sequential element gen_weight_ports[1].next_lo_addr_reg was removed.  [/ecel/UFAD/ymahmud/bnn_fcc_contest/rtl/layer_memory.sv:238]
WARNING: [Synth 8-6014] Unused sequential element gen_weight_ports[1].next_hi_addr_reg was removed.  [/ecel/UFAD/ymahmud/bnn_fcc_contest/rtl/layer_memory.sv:239]
WARNING: [Synth 8-6014] Unused sequential element gen_weight_ports[2].lane_byte_sum_reg was removed.  [/ecel/UFAD/ymahmud/bnn_fcc_contest/rtl/layer_memory.sv:224]
WARNING: [Synth 8-6014] Unused sequential element gen_weight_ports[2].lane_byte_offset_mod_reg was removed.  [/ecel/UFAD/ymahmud/bnn_fcc_contest/rtl/layer_memory.sv:225]
WARNING: [Synth 8-6014] Unused sequential element gen_weight_ports[2].start_word_addr_ext_reg was removed.  [/ecel/UFAD/ymahmud/bnn_fcc_contest/rtl/layer_memory.sv:226]
WARNING: [Synth 8-6014] Unused sequential element gen_weight_ports[2].next_lo_addr_reg was removed.  [/ecel/UFAD/ymahmud/bnn_fcc_contest/rtl/layer_memory.sv:238]
WARNING: [Synth 8-6014] Unused sequential element gen_weight_ports[2].next_hi_addr_reg was removed.  [/ecel/UFAD/ymahmud/bnn_fcc_contest/rtl/layer_memory.sv:239]
WARNING: [Synth 8-6014] Unused sequential element gen_weight_ports[3].lane_byte_sum_reg was removed.  [/ecel/UFAD/ymahmud/bnn_fcc_contest/rtl/layer_memory.sv:224]
WARNING: [Synth 8-6014] Unused sequential element gen_weight_ports[3].lane_byte_offset_mod_reg was removed.  [/ecel/UFAD/ymahmud/bnn_fcc_contest/rtl/layer_memory.sv:225]
WARNING: [Synth 8-6014] Unused sequential element gen_weight_ports[3].start_word_addr_ext_reg was removed.  [/ecel/UFAD/ymahmud/bnn_fcc_contest/rtl/layer_memory.sv:226]
WARNING: [Synth 8-6014] Unused sequential element gen_weight_ports[3].next_lo_addr_reg was removed.  [/ecel/UFAD/ymahmud/bnn_fcc_contest/rtl/layer_memory.sv:238]
WARNING: [Synth 8-6014] Unused sequential element gen_weight_ports[3].next_hi_addr_reg was removed.  [/ecel/UFAD/ymahmud/bnn_fcc_contest/rtl/layer_memory.sv:239]
INFO: [Common 17-14] Message 'Synth 8-6014' appears 100 times and further instances of the messages will be disabled. Use the Tcl command set_msg_config to change the current settings.
WARNING: [Synth 8-3936] Found unconnected internal register 'gen_weight_ports[9].shifted_double_word_q_reg' and it is trimmed from '128' to '64' bits. [/ecel/UFAD/ymahmud/bnn_fcc_contest/rtl/layer_memory.sv:255]
WARNING: [Synth 8-3936] Found unconnected internal register 'gen_weight_ports[8].shifted_double_word_q_reg' and it is trimmed from '128' to '64' bits. [/ecel/UFAD/ymahmud/bnn_fcc_contest/rtl/layer_memory.sv:255]
WARNING: [Synth 8-3936] Found unconnected internal register 'gen_weight_ports[7].shifted_double_word_q_reg' and it is trimmed from '128' to '64' bits. [/ecel/UFAD/ymahmud/bnn_fcc_contest/rtl/layer_memory.sv:255]
WARNING: [Synth 8-3936] Found unconnected internal register 'gen_weight_ports[6].shifted_double_word_q_reg' and it is trimmed from '128' to '64' bits. [/ecel/UFAD/ymahmud/bnn_fcc_contest/rtl/layer_memory.sv:255]
WARNING: [Synth 8-3936] Found unconnected internal register 'gen_weight_ports[5].shifted_double_word_q_reg' and it is trimmed from '128' to '64' bits. [/ecel/UFAD/ymahmud/bnn_fcc_contest/rtl/layer_memory.sv:255]
WARNING: [Synth 8-3936] Found unconnected internal register 'gen_weight_ports[4].shifted_double_word_q_reg' and it is trimmed from '128' to '64' bits. [/ecel/UFAD/ymahmud/bnn_fcc_contest/rtl/layer_memory.sv:255]
WARNING: [Synth 8-3936] Found unconnected internal register 'gen_weight_ports[3].shifted_double_word_q_reg' and it is trimmed from '128' to '64' bits. [/ecel/UFAD/ymahmud/bnn_fcc_contest/rtl/layer_memory.sv:255]
WARNING: [Synth 8-3936] Found unconnected internal register 'gen_weight_ports[2].shifted_double_word_q_reg' and it is trimmed from '128' to '64' bits. [/ecel/UFAD/ymahmud/bnn_fcc_contest/rtl/layer_memory.sv:255]
WARNING: [Synth 8-3936] Found unconnected internal register 'gen_weight_ports[1].shifted_double_word_q_reg' and it is trimmed from '128' to '64' bits. [/ecel/UFAD/ymahmud/bnn_fcc_contest/rtl/layer_memory.sv:255]
WARNING: [Synth 8-3936] Found unconnected internal register 'gen_weight_ports[0].shifted_double_word_q_reg' and it is trimmed from '128' to '64' bits. [/ecel/UFAD/ymahmud/bnn_fcc_contest/rtl/layer_memory.sv:255]
INFO: [Synth 8-6155] done synthesizing module 'layer_memory__parameterized1' (3#1) [/ecel/UFAD/ymahmud/bnn_fcc_contest/rtl/layer_memory.sv:1]
INFO: [Synth 8-6157] synthesizing module 'compute_layer__parameterized1' [/ecel/UFAD/ymahmud/bnn_fcc_contest/rtl/compute_layer.sv:1]
	Parameter LAYER_ID bound to: 32'sb00000000000000000000000000000011 
	Parameter LAYER_INPUTS bound to: 256 - type: integer 
	Parameter NUM_NEURONS bound to: 10 - type: integer 
	Parameter CONFIG_BUS_WIDTH bound to: 32'sb00000000000000000000000001000000 
	Parameter PARALLEL_INPUTS bound to: 32'sb00000000000000000000000000001000 
	Parameter PARALLEL_NEURONS bound to: 10 - type: integer 
	Parameter IS_OUTPUT_LAYER bound to: 1'b1 
INFO: [Synth 8-155] case statement is not full and has no default [/ecel/UFAD/ymahmud/bnn_fcc_contest/rtl/compute_layer.sv:142]
INFO: [Synth 8-6155] done synthesizing module 'compute_layer__parameterized1' (3#1) [/ecel/UFAD/ymahmud/bnn_fcc_contest/rtl/compute_layer.sv:1]
INFO: [Synth 8-6157] synthesizing module 'config_parser' [/ecel/UFAD/ymahmud/bnn_fcc_contest/rtl/config_parser.sv:1]
	Parameter CONFIG_BUS_WIDTH bound to: 32'sb00000000000000000000000001000000 
	Parameter TOTAL_LAYERS bound to: 32'sb00000000000000000000000000000100 
WARNING: [Synth 8-2898] ignoring assertion [/ecel/UFAD/ymahmud/bnn_fcc_contest/rtl/config_parser.sv:142]
INFO: [Synth 8-6155] done synthesizing module 'config_parser' (4#1) [/ecel/UFAD/ymahmud/bnn_fcc_contest/rtl/config_parser.sv:1]
INFO: [Synth 8-6155] done synthesizing module 'bnn_fcc' (5#1) [/ecel/UFAD/ymahmud/bnn_fcc_contest/rtl/bnn_fcc.sv:1]
INFO: [Synth 8-6155] done synthesizing module 'bnn_fcc_timing' (6#1) [/ecel/UFAD/ymahmud/bnn_fcc_contest/openflex/rtl/bnn_fcc_timing.sv:13]
---------------------------------------------------------------------------------
Finished RTL Elaboration : Time (s): cpu = 00:00:07 ; elapsed = 00:00:08 . Memory (MB): peak = 3691.656 ; gain = 455.676 ; free physical = 10384 ; free virtual = 74450
---------------------------------------------------------------------------------
---------------------------------------------------------------------------------
Start Handling Custom Attributes
---------------------------------------------------------------------------------
---------------------------------------------------------------------------------
Finished Handling Custom Attributes : Time (s): cpu = 00:00:09 ; elapsed = 00:00:10 . Memory (MB): peak = 3706.500 ; gain = 470.520 ; free physical = 10397 ; free virtual = 74462
---------------------------------------------------------------------------------
---------------------------------------------------------------------------------
Finished RTL Optimization Phase 1 : Time (s): cpu = 00:00:09 ; elapsed = 00:00:10 . Memory (MB): peak = 3706.500 ; gain = 470.520 ; free physical = 10397 ; free virtual = 74462
---------------------------------------------------------------------------------
Netlist sorting complete. Time (s): cpu = 00:00:00.31 ; elapsed = 00:00:00.31 . Memory (MB): peak = 3706.500 ; gain = 0.000 ; free physical = 10366 ; free virtual = 74431
INFO: [Project 1-570] Preparing netlist for logic optimization

Processing XDC Constraints
Initializing timing engine
Parsing XDC File [/ecel/UFAD/ymahmud/bnn_fcc_contest/openflex/build_vivado/vivado.xdc]
Finished Parsing XDC File [/ecel/UFAD/ymahmud/bnn_fcc_contest/openflex/build_vivado/vivado.xdc]
Completed Processing XDC Constraints

Netlist sorting complete. Time (s): cpu = 00:00:00 ; elapsed = 00:00:00 . Memory (MB): peak = 3903.992 ; gain = 0.000 ; free physical = 10057 ; free virtual = 74127
INFO: [Project 1-111] Unisim Transformation Summary:
No Unisim elements were transformed.

Constraint Validation Runtime : Time (s): cpu = 00:00:00.70 ; elapsed = 00:00:00.21 . Memory (MB): peak = 3903.992 ; gain = 0.000 ; free physical = 10054 ; free virtual = 74123
---------------------------------------------------------------------------------
Finished Constraint Validation : Time (s): cpu = 00:00:23 ; elapsed = 00:00:23 . Memory (MB): peak = 3903.992 ; gain = 668.012 ; free physical = 10264 ; free virtual = 74333
---------------------------------------------------------------------------------
---------------------------------------------------------------------------------
Start Loading Part and Timing Information
---------------------------------------------------------------------------------
Loading part: xcu250-figd2104-2L-e
INFO: [Synth 8-6742] Reading net delay rules and data
---------------------------------------------------------------------------------
Finished Loading Part and Timing Information : Time (s): cpu = 00:00:23 ; elapsed = 00:00:23 . Memory (MB): peak = 3903.992 ; gain = 668.012 ; free physical = 10264 ; free virtual = 74333
---------------------------------------------------------------------------------
---------------------------------------------------------------------------------
Start Applying 'set_property' XDC Constraints
---------------------------------------------------------------------------------
---------------------------------------------------------------------------------
Finished applying 'set_property' XDC Constraints : Time (s): cpu = 00:00:23 ; elapsed = 00:00:23 . Memory (MB): peak = 3903.992 ; gain = 668.012 ; free physical = 10265 ; free virtual = 74333
---------------------------------------------------------------------------------
INFO: [Synth 8-802] inferred FSM for state register 'state_reg' in module 'compute_layer'
INFO: [Synth 8-802] inferred FSM for state register 'state_reg' in module 'compute_layer__parameterized0'
INFO: [Synth 8-802] inferred FSM for state register 'state_reg' in module 'compute_layer__parameterized1'
WARNING: [Synth 8-3936] Found unconnected internal register 'gen_layers[3].gen_store_padded.layer_activations_reg[3]' and it is trimmed from '784' to '512' bits. [/ecel/UFAD/ymahmud/bnn_fcc_contest/rtl/bnn_fcc.sv:205]
WARNING: [Synth 8-3936] Found unconnected internal register 'gen_layers[2].gen_store_padded.layer_activations_reg[2]' and it is trimmed from '784' to '256' bits. [/ecel/UFAD/ymahmud/bnn_fcc_contest/rtl/bnn_fcc.sv:205]
WARNING: [Synth 8-3936] Found unconnected internal register 'gen_layers[1].gen_store_padded.layer_activations_reg[1]' and it is trimmed from '784' to '256' bits. [/ecel/UFAD/ymahmud/bnn_fcc_contest/rtl/bnn_fcc.sv:149]
INFO: [Synth 8-6794] RAM ("layer_memory:/gen_weight_ports[7].mem_weights_hi_reg") will be automatically implemented using URAM. 
INFO: [Synth 8-6794] RAM ("layer_memory:/gen_weight_ports[7].mem_weights_hi_reg") will be automatically implemented using URAM. 
INFO: [Synth 8-5780] Default cascade height of 8 will be used for URAM '"layer_memory:/gen_weight_ports[7].mem_weights_hi_reg"'.
INFO: [Synth 8-6794] RAM ("layer_memory:/gen_weight_ports[7].mem_weights_lo_reg") will be automatically implemented using URAM. 
INFO: [Synth 8-6794] RAM ("layer_memory:/gen_weight_ports[7].mem_weights_lo_reg") will be automatically implemented using URAM. 
INFO: [Synth 8-5780] Default cascade height of 8 will be used for URAM '"layer_memory:/gen_weight_ports[7].mem_weights_lo_reg"'.
INFO: [Synth 8-6794] RAM ("layer_memory:/gen_weight_ports[6].mem_weights_hi_reg") will be automatically implemented using URAM. 
INFO: [Synth 8-6794] RAM ("layer_memory:/gen_weight_ports[6].mem_weights_hi_reg") will be automatically implemented using URAM. 
INFO: [Synth 8-5780] Default cascade height of 8 will be used for URAM '"layer_memory:/gen_weight_ports[6].mem_weights_hi_reg"'.
INFO: [Synth 8-6794] RAM ("layer_memory:/gen_weight_ports[6].mem_weights_lo_reg") will be automatically implemented using URAM. 
INFO: [Synth 8-6794] RAM ("layer_memory:/gen_weight_ports[6].mem_weights_lo_reg") will be automatically implemented using URAM. 
INFO: [Synth 8-5780] Default cascade height of 8 will be used for URAM '"layer_memory:/gen_weight_ports[6].mem_weights_lo_reg"'.
INFO: [Synth 8-6794] RAM ("layer_memory:/gen_weight_ports[5].mem_weights_hi_reg") will be automatically implemented using URAM. 
INFO: [Synth 8-6794] RAM ("layer_memory:/gen_weight_ports[5].mem_weights_hi_reg") will be automatically implemented using URAM. 
INFO: [Synth 8-5780] Default cascade height of 8 will be used for URAM '"layer_memory:/gen_weight_ports[5].mem_weights_hi_reg"'.
INFO: [Synth 8-6794] RAM ("layer_memory:/gen_weight_ports[5].mem_weights_lo_reg") will be automatically implemented using URAM. 
INFO: [Synth 8-6794] RAM ("layer_memory:/gen_weight_ports[5].mem_weights_lo_reg") will be automatically implemented using URAM. 
INFO: [Synth 8-5780] Default cascade height of 8 will be used for URAM '"layer_memory:/gen_weight_ports[5].mem_weights_lo_reg"'.
INFO: [Synth 8-6794] RAM ("layer_memory:/gen_weight_ports[4].mem_weights_hi_reg") will be automatically implemented using URAM. 
INFO: [Synth 8-6794] RAM ("layer_memory:/gen_weight_ports[4].mem_weights_hi_reg") will be automatically implemented using URAM. 
INFO: [Synth 8-5780] Default cascade height of 8 will be used for URAM '"layer_memory:/gen_weight_ports[4].mem_weights_hi_reg"'.
INFO: [Synth 8-6794] RAM ("layer_memory:/gen_weight_ports[4].mem_weights_lo_reg") will be automatically implemented using URAM. 
INFO: [Synth 8-6794] RAM ("layer_memory:/gen_weight_ports[4].mem_weights_lo_reg") will be automatically implemented using URAM. 
INFO: [Synth 8-5780] Default cascade height of 8 will be used for URAM '"layer_memory:/gen_weight_ports[4].mem_weights_lo_reg"'.
INFO: [Synth 8-6794] RAM ("layer_memory:/gen_weight_ports[3].mem_weights_hi_reg") will be automatically implemented using URAM. 
INFO: [Synth 8-6794] RAM ("layer_memory:/gen_weight_ports[3].mem_weights_hi_reg") will be automatically implemented using URAM. 
INFO: [Synth 8-5780] Default cascade height of 8 will be used for URAM '"layer_memory:/gen_weight_ports[3].mem_weights_hi_reg"'.
INFO: [Synth 8-6794] RAM ("layer_memory:/gen_weight_ports[3].mem_weights_lo_reg") will be automatically implemented using URAM. 
INFO: [Synth 8-6794] RAM ("layer_memory:/gen_weight_ports[3].mem_weights_lo_reg") will be automatically implemented using URAM. 
INFO: [Synth 8-5780] Default cascade height of 8 will be used for URAM '"layer_memory:/gen_weight_ports[3].mem_weights_lo_reg"'.
INFO: [Synth 8-6794] RAM ("layer_memory:/gen_weight_ports[2].mem_weights_hi_reg") will be automatically implemented using URAM. 
INFO: [Synth 8-6794] RAM ("layer_memory:/gen_weight_ports[2].mem_weights_hi_reg") will be automatically implemented using URAM. 
INFO: [Synth 8-5780] Default cascade height of 8 will be used for URAM '"layer_memory:/gen_weight_ports[2].mem_weights_hi_reg"'.
INFO: [Synth 8-6794] RAM ("layer_memory:/gen_weight_ports[2].mem_weights_lo_reg") will be automatically implemented using URAM. 
INFO: [Synth 8-6794] RAM ("layer_memory:/gen_weight_ports[2].mem_weights_lo_reg") will be automatically implemented using URAM. 
INFO: [Synth 8-5780] Default cascade height of 8 will be used for URAM '"layer_memory:/gen_weight_ports[2].mem_weights_lo_reg"'.
INFO: [Synth 8-6794] RAM ("layer_memory:/gen_weight_ports[1].mem_weights_hi_reg") will be automatically implemented using URAM. 
INFO: [Synth 8-6794] RAM ("layer_memory:/gen_weight_ports[1].mem_weights_hi_reg") will be automatically implemented using URAM. 
INFO: [Synth 8-5780] Default cascade height of 8 will be used for URAM '"layer_memory:/gen_weight_ports[1].mem_weights_hi_reg"'.
INFO: [Synth 8-6794] RAM ("layer_memory:/gen_weight_ports[1].mem_weights_lo_reg") will be automatically implemented using URAM. 
INFO: [Synth 8-6794] RAM ("layer_memory:/gen_weight_ports[1].mem_weights_lo_reg") will be automatically implemented using URAM. 
INFO: [Synth 8-5780] Default cascade height of 8 will be used for URAM '"layer_memory:/gen_weight_ports[1].mem_weights_lo_reg"'.
INFO: [Synth 8-6794] RAM ("layer_memory:/gen_weight_ports[0].mem_weights_hi_reg") will be automatically implemented using URAM. 
INFO: [Synth 8-6794] RAM ("layer_memory:/gen_weight_ports[0].mem_weights_hi_reg") will be automatically implemented using URAM. 
INFO: [Synth 8-5780] Default cascade height of 8 will be used for URAM '"layer_memory:/gen_weight_ports[0].mem_weights_hi_reg"'.
INFO: [Synth 8-6794] RAM ("layer_memory:/gen_weight_ports[0].mem_weights_lo_reg") will be automatically implemented using URAM. 
INFO: [Synth 8-6794] RAM ("layer_memory:/gen_weight_ports[0].mem_weights_lo_reg") will be automatically implemented using URAM. 
INFO: [Synth 8-5780] Default cascade height of 8 will be used for URAM '"layer_memory:/gen_weight_ports[0].mem_weights_lo_reg"'.
---------------------------------------------------------------------------------------------------
                   State |                     New Encoding |                Previous Encoding 
---------------------------------------------------------------------------------------------------
                    IDLE |                              001 |                              000
           PRELOAD_BATCH |                              011 |                              001
           COMPUTE_BATCH |                              100 |                              010
            FINISH_BATCH |                              010 |                              011
              DONE_STATE |                              000 |                              100
---------------------------------------------------------------------------------------------------
INFO: [Synth 8-3354] encoded FSM with state register 'state_reg' using encoding 'sequential' in module 'compute_layer'
INFO: [Synth 8-7030] Implemented Non-Cascaded Block Ram (cascade_height = 1) of width 36 for RAM "layer_memory__parameterized0:/gen_weight_ports[7].mem_weights_hi_reg"
INFO: [Synth 8-7030] Implemented Non-Cascaded Block Ram (cascade_height = 1) of width 28 for RAM "layer_memory__parameterized0:/gen_weight_ports[7].mem_weights_hi_reg"
INFO: [Synth 8-7030] Implemented Non-Cascaded Block Ram (cascade_height = 1) of width 36 for RAM "layer_memory__parameterized0:/gen_weight_ports[7].mem_weights_lo_reg"
INFO: [Synth 8-7030] Implemented Non-Cascaded Block Ram (cascade_height = 1) of width 28 for RAM "layer_memory__parameterized0:/gen_weight_ports[7].mem_weights_lo_reg"
INFO: [Synth 8-7030] Implemented Non-Cascaded Block Ram (cascade_height = 1) of width 36 for RAM "layer_memory__parameterized0:/gen_weight_ports[6].mem_weights_hi_reg"
INFO: [Synth 8-7030] Implemented Non-Cascaded Block Ram (cascade_height = 1) of width 28 for RAM "layer_memory__parameterized0:/gen_weight_ports[6].mem_weights_hi_reg"
INFO: [Synth 8-7030] Implemented Non-Cascaded Block Ram (cascade_height = 1) of width 36 for RAM "layer_memory__parameterized0:/gen_weight_ports[6].mem_weights_lo_reg"
INFO: [Synth 8-7030] Implemented Non-Cascaded Block Ram (cascade_height = 1) of width 28 for RAM "layer_memory__parameterized0:/gen_weight_ports[6].mem_weights_lo_reg"
INFO: [Synth 8-7030] Implemented Non-Cascaded Block Ram (cascade_height = 1) of width 36 for RAM "layer_memory__parameterized0:/gen_weight_ports[5].mem_weights_hi_reg"
INFO: [Synth 8-7030] Implemented Non-Cascaded Block Ram (cascade_height = 1) of width 28 for RAM "layer_memory__parameterized0:/gen_weight_ports[5].mem_weights_hi_reg"
INFO: [Synth 8-7030] Implemented Non-Cascaded Block Ram (cascade_height = 1) of width 36 for RAM "layer_memory__parameterized0:/gen_weight_ports[5].mem_weights_lo_reg"
INFO: [Synth 8-7030] Implemented Non-Cascaded Block Ram (cascade_height = 1) of width 28 for RAM "layer_memory__parameterized0:/gen_weight_ports[5].mem_weights_lo_reg"
INFO: [Synth 8-7030] Implemented Non-Cascaded Block Ram (cascade_height = 1) of width 36 for RAM "layer_memory__parameterized0:/gen_weight_ports[4].mem_weights_hi_reg"
INFO: [Synth 8-7030] Implemented Non-Cascaded Block Ram (cascade_height = 1) of width 28 for RAM "layer_memory__parameterized0:/gen_weight_ports[4].mem_weights_hi_reg"
INFO: [Synth 8-7030] Implemented Non-Cascaded Block Ram (cascade_height = 1) of width 36 for RAM "layer_memory__parameterized0:/gen_weight_ports[4].mem_weights_lo_reg"
INFO: [Synth 8-7030] Implemented Non-Cascaded Block Ram (cascade_height = 1) of width 28 for RAM "layer_memory__parameterized0:/gen_weight_ports[4].mem_weights_lo_reg"
INFO: [Synth 8-7030] Implemented Non-Cascaded Block Ram (cascade_height = 1) of width 36 for RAM "layer_memory__parameterized0:/gen_weight_ports[3].mem_weights_hi_reg"
INFO: [Synth 8-7030] Implemented Non-Cascaded Block Ram (cascade_height = 1) of width 28 for RAM "layer_memory__parameterized0:/gen_weight_ports[3].mem_weights_hi_reg"
INFO: [Synth 8-7030] Implemented Non-Cascaded Block Ram (cascade_height = 1) of width 36 for RAM "layer_memory__parameterized0:/gen_weight_ports[3].mem_weights_lo_reg"
INFO: [Synth 8-7030] Implemented Non-Cascaded Block Ram (cascade_height = 1) of width 28 for RAM "layer_memory__parameterized0:/gen_weight_ports[3].mem_weights_lo_reg"
INFO: [Synth 8-7030] Implemented Non-Cascaded Block Ram (cascade_height = 1) of width 36 for RAM "layer_memory__parameterized0:/gen_weight_ports[2].mem_weights_hi_reg"
INFO: [Synth 8-7030] Implemented Non-Cascaded Block Ram (cascade_height = 1) of width 28 for RAM "layer_memory__parameterized0:/gen_weight_ports[2].mem_weights_hi_reg"
INFO: [Synth 8-7030] Implemented Non-Cascaded Block Ram (cascade_height = 1) of width 36 for RAM "layer_memory__parameterized0:/gen_weight_ports[2].mem_weights_lo_reg"
INFO: [Synth 8-7030] Implemented Non-Cascaded Block Ram (cascade_height = 1) of width 28 for RAM "layer_memory__parameterized0:/gen_weight_ports[2].mem_weights_lo_reg"
INFO: [Synth 8-7030] Implemented Non-Cascaded Block Ram (cascade_height = 1) of width 36 for RAM "layer_memory__parameterized0:/gen_weight_ports[1].mem_weights_hi_reg"
INFO: [Synth 8-7030] Implemented Non-Cascaded Block Ram (cascade_height = 1) of width 28 for RAM "layer_memory__parameterized0:/gen_weight_ports[1].mem_weights_hi_reg"
INFO: [Synth 8-7030] Implemented Non-Cascaded Block Ram (cascade_height = 1) of width 36 for RAM "layer_memory__parameterized0:/gen_weight_ports[1].mem_weights_lo_reg"
INFO: [Synth 8-7030] Implemented Non-Cascaded Block Ram (cascade_height = 1) of width 28 for RAM "layer_memory__parameterized0:/gen_weight_ports[1].mem_weights_lo_reg"
INFO: [Synth 8-7030] Implemented Non-Cascaded Block Ram (cascade_height = 1) of width 36 for RAM "layer_memory__parameterized0:/gen_weight_ports[0].mem_weights_hi_reg"
INFO: [Synth 8-7030] Implemented Non-Cascaded Block Ram (cascade_height = 1) of width 28 for RAM "layer_memory__parameterized0:/gen_weight_ports[0].mem_weights_hi_reg"
INFO: [Synth 8-7030] Implemented Non-Cascaded Block Ram (cascade_height = 1) of width 36 for RAM "layer_memory__parameterized0:/gen_weight_ports[0].mem_weights_lo_reg"
INFO: [Synth 8-7030] Implemented Non-Cascaded Block Ram (cascade_height = 1) of width 28 for RAM "layer_memory__parameterized0:/gen_weight_ports[0].mem_weights_lo_reg"
---------------------------------------------------------------------------------------------------
                   State |                     New Encoding |                Previous Encoding 
---------------------------------------------------------------------------------------------------
                    IDLE |                              001 |                              000
           PRELOAD_BATCH |                              011 |                              001
           COMPUTE_BATCH |                              100 |                              010
            FINISH_BATCH |                              010 |                              011
              DONE_STATE |                              000 |                              100
---------------------------------------------------------------------------------------------------
INFO: [Synth 8-3354] encoded FSM with state register 'state_reg' using encoding 'sequential' in module 'compute_layer__parameterized0'
INFO: [Synth 8-6904] The RAM "layer_memory__parameterized1:/gen_weight_ports[9].mem_weights_hi_reg" of size (depth=40 x width=64) is automatically implemented using LUTRAM. BRAM implementation would be inefficient 
INFO: [Synth 8-6904] The RAM "layer_memory__parameterized1:/gen_weight_ports[9].mem_weights_lo_reg" of size (depth=40 x width=64) is automatically implemented using LUTRAM. BRAM implementation would be inefficient 
INFO: [Synth 8-6904] The RAM "layer_memory__parameterized1:/gen_weight_ports[8].mem_weights_hi_reg" of size (depth=40 x width=64) is automatically implemented using LUTRAM. BRAM implementation would be inefficient 
INFO: [Synth 8-6904] The RAM "layer_memory__parameterized1:/gen_weight_ports[8].mem_weights_lo_reg" of size (depth=40 x width=64) is automatically implemented using LUTRAM. BRAM implementation would be inefficient 
INFO: [Synth 8-6904] The RAM "layer_memory__parameterized1:/gen_weight_ports[7].mem_weights_hi_reg" of size (depth=40 x width=64) is automatically implemented using LUTRAM. BRAM implementation would be inefficient 
INFO: [Synth 8-6904] The RAM "layer_memory__parameterized1:/gen_weight_ports[7].mem_weights_lo_reg" of size (depth=40 x width=64) is automatically implemented using LUTRAM. BRAM implementation would be inefficient 
INFO: [Synth 8-6904] The RAM "layer_memory__parameterized1:/gen_weight_ports[6].mem_weights_hi_reg" of size (depth=40 x width=64) is automatically implemented using LUTRAM. BRAM implementation would be inefficient 
INFO: [Synth 8-6904] The RAM "layer_memory__parameterized1:/gen_weight_ports[6].mem_weights_lo_reg" of size (depth=40 x width=64) is automatically implemented using LUTRAM. BRAM implementation would be inefficient 
INFO: [Synth 8-6904] The RAM "layer_memory__parameterized1:/gen_weight_ports[5].mem_weights_hi_reg" of size (depth=40 x width=64) is automatically implemented using LUTRAM. BRAM implementation would be inefficient 
INFO: [Synth 8-6904] The RAM "layer_memory__parameterized1:/gen_weight_ports[5].mem_weights_lo_reg" of size (depth=40 x width=64) is automatically implemented using LUTRAM. BRAM implementation would be inefficient 
INFO: [Synth 8-6904] The RAM "layer_memory__parameterized1:/gen_weight_ports[4].mem_weights_hi_reg" of size (depth=40 x width=64) is automatically implemented using LUTRAM. BRAM implementation would be inefficient 
INFO: [Synth 8-6904] The RAM "layer_memory__parameterized1:/gen_weight_ports[4].mem_weights_lo_reg" of size (depth=40 x width=64) is automatically implemented using LUTRAM. BRAM implementation would be inefficient 
INFO: [Synth 8-6904] The RAM "layer_memory__parameterized1:/gen_weight_ports[3].mem_weights_hi_reg" of size (depth=40 x width=64) is automatically implemented using LUTRAM. BRAM implementation would be inefficient 
INFO: [Synth 8-6904] The RAM "layer_memory__parameterized1:/gen_weight_ports[3].mem_weights_lo_reg" of size (depth=40 x width=64) is automatically implemented using LUTRAM. BRAM implementation would be inefficient 
INFO: [Synth 8-6904] The RAM "layer_memory__parameterized1:/gen_weight_ports[2].mem_weights_hi_reg" of size (depth=40 x width=64) is automatically implemented using LUTRAM. BRAM implementation would be inefficient 
INFO: [Synth 8-6904] The RAM "layer_memory__parameterized1:/gen_weight_ports[2].mem_weights_lo_reg" of size (depth=40 x width=64) is automatically implemented using LUTRAM. BRAM implementation would be inefficient 
INFO: [Synth 8-6904] The RAM "layer_memory__parameterized1:/gen_weight_ports[1].mem_weights_hi_reg" of size (depth=40 x width=64) is automatically implemented using LUTRAM. BRAM implementation would be inefficient 
INFO: [Synth 8-6904] The RAM "layer_memory__parameterized1:/gen_weight_ports[1].mem_weights_lo_reg" of size (depth=40 x width=64) is automatically implemented using LUTRAM. BRAM implementation would be inefficient 
INFO: [Synth 8-6904] The RAM "layer_memory__parameterized1:/gen_weight_ports[0].mem_weights_hi_reg" of size (depth=40 x width=64) is automatically implemented using LUTRAM. BRAM implementation would be inefficient 
INFO: [Synth 8-6904] The RAM "layer_memory__parameterized1:/gen_weight_ports[0].mem_weights_lo_reg" of size (depth=40 x width=64) is automatically implemented using LUTRAM. BRAM implementation would be inefficient 
---------------------------------------------------------------------------------------------------
                   State |                     New Encoding |                Previous Encoding 
---------------------------------------------------------------------------------------------------
                    IDLE |                              001 |                              000
           PRELOAD_BATCH |                              100 |                              001
           COMPUTE_BATCH |                              011 |                              010
            FINISH_BATCH |                              010 |                              011
              DONE_STATE |                              000 |                              100
---------------------------------------------------------------------------------------------------
INFO: [Synth 8-3354] encoded FSM with state register 'state_reg' using encoding 'sequential' in module 'compute_layer__parameterized1'
---------------------------------------------------------------------------------
Finished RTL Optimization Phase 2 : Time (s): cpu = 00:00:29 ; elapsed = 00:00:31 . Memory (MB): peak = 3903.992 ; gain = 668.012 ; free physical = 10258 ; free virtual = 74331
---------------------------------------------------------------------------------
---------------------------------------------------------------------------------
Start RTL Component Statistics 
---------------------------------------------------------------------------------
Detailed RTL Component Info : 
+---Adders : 
	   2 Input   32 Bit       Adders := 1     
	   2 Input   13 Bit       Adders := 30    
	   3 Input   13 Bit       Adders := 1     
	   2 Input   12 Bit       Adders := 1     
	   2 Input   11 Bit       Adders := 31    
	   2 Input   10 Bit       Adders := 25    
	   2 Input    9 Bit       Adders := 36    
	   2 Input    8 Bit       Adders := 1     
	  64 Input    7 Bit       Adders := 26    
	   2 Input    7 Bit       Adders := 40    
	   2 Input    6 Bit       Adders := 10    
	   2 Input    5 Bit       Adders := 10    
	   2 Input    4 Bit       Adders := 5     
	   2 Input    2 Bit       Adders := 2     
+---XORs : 
	   2 Input     64 Bit         XORs := 26    
+---Registers : 
	              512 Bit    Registers := 1     
	              320 Bit    Registers := 1     
	              256 Bit    Registers := 4     
	               64 Bit    Registers := 83    
	               32 Bit    Registers := 106   
	               12 Bit    Registers := 9     
	               10 Bit    Registers := 18    
	                9 Bit    Registers := 22    
	                8 Bit    Registers := 106   
	                7 Bit    Registers := 27    
	                6 Bit    Registers := 23    
	                5 Bit    Registers := 3     
	                4 Bit    Registers := 3     
	                3 Bit    Registers := 3     
	                2 Bit    Registers := 2     
	                1 Bit    Registers := 229   
+---RAMs : 
	             196K Bit	(3136 X 64 bit)          RAMs := 16    
	              64K Bit	(1024 X 64 bit)          RAMs := 16    
	               2K Bit	(40 X 64 bit)          RAMs := 20    
+---Muxes : 
	   2 Input  320 Bit        Muxes := 19    
	   5 Input  320 Bit        Muxes := 1     
	   2 Input  256 Bit        Muxes := 30    
	   5 Input  256 Bit        Muxes := 2     
	   2 Input   64 Bit        Muxes := 29    
	   2 Input   32 Bit        Muxes := 66    
	 512 Input   32 Bit        Muxes := 8     
	  32 Input   32 Bit        Muxes := 5     
	   3 Input   12 Bit        Muxes := 32    
	   2 Input   12 Bit        Muxes := 24    
	   7 Input   10 Bit        Muxes := 8     
	   2 Input   10 Bit        Muxes := 24    
	   3 Input   10 Bit        Muxes := 31    
	   2 Input    9 Bit        Muxes := 18    
	   5 Input    9 Bit        Muxes := 2     
	   6 Input    8 Bit        Muxes := 1     
	   2 Input    7 Bit        Muxes := 2     
	   2 Input    6 Bit        Muxes := 31    
	   3 Input    6 Bit        Muxes := 40    
	   7 Input    5 Bit        Muxes := 10    
	   5 Input    4 Bit        Muxes := 1     
	   3 Input    4 Bit        Muxes := 1     
	   2 Input    4 Bit        Muxes := 9     
	   2 Input    3 Bit        Muxes := 5     
	   5 Input    3 Bit        Muxes := 3     
	   5 Input    2 Bit        Muxes := 2     
	   2 Input    1 Bit        Muxes := 205   
	   5 Input    1 Bit        Muxes := 9     
	   3 Input    1 Bit        Muxes := 2     
	   4 Input    1 Bit        Muxes := 128   
---------------------------------------------------------------------------------
Finished RTL Component Statistics 
---------------------------------------------------------------------------------
---------------------------------------------------------------------------------
Start Part Resource Summary
---------------------------------------------------------------------------------
Part Resources:
DSPs: 12288 (col length:96)
BRAMs: 5376 (col length: RAMB18 384 RAMB36 192)
---------------------------------------------------------------------------------
Finished Part Resource Summary
---------------------------------------------------------------------------------
---------------------------------------------------------------------------------
Start Cross Boundary and Area Optimization
---------------------------------------------------------------------------------
INFO: [Synth 8-6794] RAM ("layer_memory__GB0/gen_weight_ports[4].mem_weights_hi_reg") will be automatically implemented using URAM. 
INFO: [Synth 8-5780] Default cascade height of 8 will be used for URAM '"layer_memory__GB0/gen_weight_ports[4].mem_weights_hi_reg"'.
INFO: [Synth 8-6794] RAM ("layer_memory__GB0/gen_weight_ports[4].mem_weights_lo_reg") will be automatically implemented using URAM. 
INFO: [Synth 8-5780] Default cascade height of 8 will be used for URAM '"layer_memory__GB0/gen_weight_ports[4].mem_weights_lo_reg"'.
INFO: [Synth 8-6794] RAM ("layer_memory__GB0/gen_weight_ports[3].mem_weights_hi_reg") will be automatically implemented using URAM. 
INFO: [Synth 8-5780] Default cascade height of 8 will be used for URAM '"layer_memory__GB0/gen_weight_ports[3].mem_weights_hi_reg"'.
INFO: [Synth 8-6794] RAM ("layer_memory__GB0/gen_weight_ports[3].mem_weights_lo_reg") will be automatically implemented using URAM. 
INFO: [Synth 8-5780] Default cascade height of 8 will be used for URAM '"layer_memory__GB0/gen_weight_ports[3].mem_weights_lo_reg"'.
INFO: [Synth 8-6794] RAM ("layer_memory__GB0/gen_weight_ports[2].mem_weights_hi_reg") will be automatically implemented using URAM. 
INFO: [Synth 8-5780] Default cascade height of 8 will be used for URAM '"layer_memory__GB0/gen_weight_ports[2].mem_weights_hi_reg"'.
INFO: [Synth 8-6794] RAM ("layer_memory__GB0/gen_weight_ports[2].mem_weights_lo_reg") will be automatically implemented using URAM. 
INFO: [Synth 8-5780] Default cascade height of 8 will be used for URAM '"layer_memory__GB0/gen_weight_ports[2].mem_weights_lo_reg"'.
INFO: [Synth 8-6794] RAM ("layer_memory__GB0/gen_weight_ports[1].mem_weights_hi_reg") will be automatically implemented using URAM. 
INFO: [Synth 8-5780] Default cascade height of 8 will be used for URAM '"layer_memory__GB0/gen_weight_ports[1].mem_weights_hi_reg"'.
INFO: [Synth 8-6794] RAM ("layer_memory__GB0/gen_weight_ports[1].mem_weights_lo_reg") will be automatically implemented using URAM. 
INFO: [Synth 8-5780] Default cascade height of 8 will be used for URAM '"layer_memory__GB0/gen_weight_ports[1].mem_weights_lo_reg"'.
INFO: [Synth 8-6794] RAM ("layer_memory__GB0/gen_weight_ports[0].mem_weights_hi_reg") will be automatically implemented using URAM. 
INFO: [Synth 8-5780] Default cascade height of 8 will be used for URAM '"layer_memory__GB0/gen_weight_ports[0].mem_weights_hi_reg"'.
INFO: [Synth 8-6794] RAM ("layer_memory__GB0/gen_weight_ports[0].mem_weights_lo_reg") will be automatically implemented using URAM. 
INFO: [Synth 8-5780] Default cascade height of 8 will be used for URAM '"layer_memory__GB0/gen_weight_ports[0].mem_weights_lo_reg"'.
INFO: [Synth 8-6794] RAM ("layer_memory__GB0/gen_weight_ports[4].mem_weights_hi_reg") will be automatically implemented using URAM. 
INFO: [Synth 8-5780] Default cascade height of 8 will be used for URAM '"layer_memory__GB0/gen_weight_ports[4].mem_weights_hi_reg"'.
INFO: [Synth 8-6794] RAM ("layer_memory__GB0/gen_weight_ports[4].mem_weights_lo_reg") will be automatically implemented using URAM. 
INFO: [Synth 8-5780] Default cascade height of 8 will be used for URAM '"layer_memory__GB0/gen_weight_ports[4].mem_weights_lo_reg"'.
INFO: [Synth 8-6794] RAM ("layer_memory__GB0/gen_weight_ports[3].mem_weights_hi_reg") will be automatically implemented using URAM. 
INFO: [Synth 8-5780] Default cascade height of 8 will be used for URAM '"layer_memory__GB0/gen_weight_ports[3].mem_weights_hi_reg"'.
INFO: [Synth 8-6794] RAM ("layer_memory__GB0/gen_weight_ports[3].mem_weights_lo_reg") will be automatically implemented using URAM. 
INFO: [Synth 8-5780] Default cascade height of 8 will be used for URAM '"layer_memory__GB0/gen_weight_ports[3].mem_weights_lo_reg"'.
INFO: [Synth 8-6794] RAM ("layer_memory__GB0/gen_weight_ports[2].mem_weights_hi_reg") will be automatically implemented using URAM. 
INFO: [Synth 8-5780] Default cascade height of 8 will be used for URAM '"layer_memory__GB0/gen_weight_ports[2].mem_weights_hi_reg"'.
INFO: [Synth 8-6794] RAM ("layer_memory__GB0/gen_weight_ports[2].mem_weights_lo_reg") will be automatically implemented using URAM. 
INFO: [Synth 8-5780] Default cascade height of 8 will be used for URAM '"layer_memory__GB0/gen_weight_ports[2].mem_weights_lo_reg"'.
INFO: [Synth 8-6794] RAM ("layer_memory__GB0/gen_weight_ports[1].mem_weights_hi_reg") will be automatically implemented using URAM. 
INFO: [Synth 8-5780] Default cascade height of 8 will be used for URAM '"layer_memory__GB0/gen_weight_ports[1].mem_weights_hi_reg"'.
INFO: [Synth 8-6794] RAM ("layer_memory__GB0/gen_weight_ports[1].mem_weights_lo_reg") will be automatically implemented using URAM. 
INFO: [Synth 8-5780] Default cascade height of 8 will be used for URAM '"layer_memory__GB0/gen_weight_ports[1].mem_weights_lo_reg"'.
INFO: [Synth 8-6794] RAM ("layer_memory__GB0/gen_weight_ports[0].mem_weights_hi_reg") will be automatically implemented using URAM. 
INFO: [Synth 8-5780] Default cascade height of 8 will be used for URAM '"layer_memory__GB0/gen_weight_ports[0].mem_weights_hi_reg"'.
INFO: [Synth 8-6794] RAM ("layer_memory__GB0/gen_weight_ports[0].mem_weights_lo_reg") will be automatically implemented using URAM. 
INFO: [Synth 8-5780] Default cascade height of 8 will be used for URAM '"layer_memory__GB0/gen_weight_ports[0].mem_weights_lo_reg"'.
INFO: [Synth 8-3886] merging instance 'gen_weight_ports[3].weight_word_addr_lo_issue_reg[3]_rep[11]' (FDRE) to 'gen_weight_ports[3].weight_word_addr_lo_issue_reg[3][11]'
INFO: [Synth 8-3886] merging instance 'gen_weight_ports[3].weight_word_addr_lo_issue_reg[3]_rep[10]' (FDRE) to 'gen_weight_ports[3].weight_word_addr_lo_issue_reg[3][10]'
INFO: [Synth 8-3886] merging instance 'gen_weight_ports[3].weight_word_addr_lo_issue_reg[3]_rep[9]' (FDRE) to 'gen_weight_ports[3].weight_word_addr_lo_issue_reg[3][9]'
INFO: [Synth 8-3886] merging instance 'gen_weight_ports[3].weight_word_addr_lo_issue_reg[3]_rep[8]' (FDRE) to 'gen_weight_ports[3].weight_word_addr_lo_issue_reg[3][8]'
INFO: [Synth 8-3886] merging instance 'gen_weight_ports[3].weight_word_addr_lo_issue_reg[3]_rep[7]' (FDRE) to 'gen_weight_ports[3].weight_word_addr_lo_issue_reg[3][7]'
INFO: [Synth 8-3886] merging instance 'gen_weight_ports[3].weight_word_addr_lo_issue_reg[3]_rep[5]' (FDRE) to 'gen_weight_ports[3].weight_word_addr_lo_issue_reg[3][5]'
INFO: [Synth 8-3886] merging instance 'gen_weight_ports[3].weight_word_addr_lo_issue_reg[3]_rep[4]' (FDRE) to 'gen_weight_ports[3].weight_word_addr_lo_issue_reg[3][4]'
INFO: [Synth 8-3886] merging instance 'gen_weight_ports[3].weight_word_addr_lo_issue_reg[3]_rep[3]' (FDRE) to 'gen_weight_ports[3].weight_word_addr_lo_issue_reg[3][3]'
INFO: [Synth 8-3886] merging instance 'gen_weight_ports[3].weight_word_addr_lo_issue_reg[3]_rep[2]' (FDRE) to 'gen_weight_ports[3].weight_word_addr_lo_issue_reg[3][2]'
INFO: [Synth 8-3886] merging instance 'gen_weight_ports[3].weight_word_addr_lo_issue_reg[3]_rep[1]' (FDRE) to 'gen_weight_ports[3].weight_word_addr_lo_issue_reg[3][1]'
INFO: [Synth 8-3886] merging instance 'gen_weight_ports[3].weight_word_addr_lo_issue_reg[3]_rep[0]' (FDRE) to 'gen_weight_ports[3].weight_word_addr_lo_issue_reg[3][0]'
INFO: [Synth 8-3886] merging instance 'gen_weight_ports[3].weight_word_addr_lo_issue_reg[3]_rep[6]' (FDRE) to 'gen_weight_ports[3].weight_word_addr_lo_issue_reg[3][6]'
INFO: [Synth 8-3886] merging instance 'gen_weight_ports[4].weight_word_addr_lo_issue_reg[4]_rep[11]' (FDRE) to 'gen_weight_ports[4].weight_word_addr_lo_issue_reg[4][11]'
INFO: [Synth 8-3886] merging instance 'gen_weight_ports[4].weight_word_addr_lo_issue_reg[4]_rep[10]' (FDRE) to 'gen_weight_ports[4].weight_word_addr_lo_issue_reg[4][10]'
INFO: [Synth 8-3886] merging instance 'gen_weight_ports[4].weight_word_addr_lo_issue_reg[4]_rep[9]' (FDRE) to 'gen_weight_ports[4].weight_word_addr_lo_issue_reg[4][9]'
INFO: [Synth 8-3886] merging instance 'gen_weight_ports[4].weight_word_addr_lo_issue_reg[4]_rep[8]' (FDRE) to 'gen_weight_ports[4].weight_word_addr_lo_issue_reg[4][8]'
INFO: [Synth 8-3886] merging instance 'gen_weight_ports[4].weight_word_addr_lo_issue_reg[4]_rep[7]' (FDRE) to 'gen_weight_ports[4].weight_word_addr_lo_issue_reg[4][7]'
INFO: [Synth 8-3886] merging instance 'gen_weight_ports[4].weight_word_addr_lo_issue_reg[4]_rep[5]' (FDRE) to 'gen_weight_ports[4].weight_word_addr_lo_issue_reg[4][5]'
INFO: [Synth 8-3886] merging instance 'gen_weight_ports[4].weight_word_addr_lo_issue_reg[4]_rep[4]' (FDRE) to 'gen_weight_ports[4].weight_word_addr_lo_issue_reg[4][4]'
INFO: [Synth 8-3886] merging instance 'gen_weight_ports[4].weight_word_addr_lo_issue_reg[4]_rep[3]' (FDRE) to 'gen_weight_ports[4].weight_word_addr_lo_issue_reg[4][3]'
INFO: [Synth 8-3886] merging instance 'gen_weight_ports[4].weight_word_addr_lo_issue_reg[4]_rep[2]' (FDRE) to 'gen_weight_ports[4].weight_word_addr_lo_issue_reg[4][2]'
INFO: [Synth 8-3886] merging instance 'gen_weight_ports[4].weight_word_addr_lo_issue_reg[4]_rep[1]' (FDRE) to 'gen_weight_ports[4].weight_word_addr_lo_issue_reg[4][1]'
INFO: [Synth 8-3886] merging instance 'gen_weight_ports[4].weight_word_addr_lo_issue_reg[4]_rep[0]' (FDRE) to 'gen_weight_ports[4].weight_word_addr_lo_issue_reg[4][0]'
INFO: [Synth 8-3886] merging instance 'gen_weight_ports[4].weight_word_addr_lo_issue_reg[4]_rep[6]' (FDRE) to 'gen_weight_ports[4].weight_word_addr_lo_issue_reg[4][6]'
INFO: [Synth 8-3886] merging instance 'gen_weight_ports[0].weight_word_addr_lo_issue_reg[0]_rep[11]' (FDRE) to 'gen_weight_ports[0].weight_word_addr_lo_issue_reg[0][11]'
INFO: [Synth 8-3886] merging instance 'gen_weight_ports[0].weight_word_addr_lo_issue_reg[0]_rep[10]' (FDRE) to 'gen_weight_ports[0].weight_word_addr_lo_issue_reg[0][10]'
INFO: [Synth 8-3886] merging instance 'gen_weight_ports[0].weight_word_addr_lo_issue_reg[0]_rep[9]' (FDRE) to 'gen_weight_ports[0].weight_word_addr_lo_issue_reg[0][9]'
INFO: [Synth 8-3886] merging instance 'gen_weight_ports[0].weight_word_addr_lo_issue_reg[0]_rep[8]' (FDRE) to 'gen_weight_ports[0].weight_word_addr_lo_issue_reg[0][8]'
INFO: [Synth 8-3886] merging instance 'gen_weight_ports[0].weight_word_addr_lo_issue_reg[0]_rep[7]' (FDRE) to 'gen_weight_ports[0].weight_word_addr_lo_issue_reg[0][7]'
INFO: [Synth 8-3886] merging instance 'gen_weight_ports[0].weight_word_addr_lo_issue_reg[0]_rep[5]' (FDRE) to 'gen_weight_ports[0].weight_word_addr_lo_issue_reg[0][5]'
INFO: [Synth 8-3886] merging instance 'gen_weight_ports[0].weight_word_addr_lo_issue_reg[0]_rep[4]' (FDRE) to 'gen_weight_ports[0].weight_word_addr_lo_issue_reg[0][4]'
INFO: [Synth 8-3886] merging instance 'gen_weight_ports[0].weight_word_addr_lo_issue_reg[0]_rep[3]' (FDRE) to 'gen_weight_ports[0].weight_word_addr_lo_issue_reg[0][3]'
INFO: [Synth 8-3886] merging instance 'gen_weight_ports[0].weight_word_addr_lo_issue_reg[0]_rep[2]' (FDRE) to 'gen_weight_ports[0].weight_word_addr_lo_issue_reg[0][2]'
INFO: [Synth 8-3886] merging instance 'gen_weight_ports[0].weight_word_addr_lo_issue_reg[0]_rep[1]' (FDRE) to 'gen_weight_ports[0].weight_word_addr_lo_issue_reg[0][1]'
INFO: [Synth 8-3886] merging instance 'gen_weight_ports[0].weight_word_addr_lo_issue_reg[0]_rep[0]' (FDRE) to 'gen_weight_ports[0].weight_word_addr_lo_issue_reg[0][0]'
INFO: [Synth 8-3886] merging instance 'gen_weight_ports[0].weight_word_addr_lo_issue_reg[0]_rep[6]' (FDRE) to 'gen_weight_ports[0].weight_word_addr_lo_issue_reg[0][6]'
INFO: [Synth 8-3886] merging instance 'gen_weight_ports[1].weight_word_addr_lo_issue_reg[1]_rep[11]' (FDRE) to 'gen_weight_ports[1].weight_word_addr_lo_issue_reg[1][11]'
INFO: [Synth 8-3886] merging instance 'gen_weight_ports[1].weight_word_addr_lo_issue_reg[1]_rep[10]' (FDRE) to 'gen_weight_ports[1].weight_word_addr_lo_issue_reg[1][10]'
INFO: [Synth 8-3886] merging instance 'gen_weight_ports[1].weight_word_addr_lo_issue_reg[1]_rep[9]' (FDRE) to 'gen_weight_ports[1].weight_word_addr_lo_issue_reg[1][9]'
INFO: [Synth 8-3886] merging instance 'gen_weight_ports[1].weight_word_addr_lo_issue_reg[1]_rep[8]' (FDRE) to 'gen_weight_ports[1].weight_word_addr_lo_issue_reg[1][8]'
INFO: [Synth 8-3886] merging instance 'gen_weight_ports[1].weight_word_addr_lo_issue_reg[1]_rep[7]' (FDRE) to 'gen_weight_ports[1].weight_word_addr_lo_issue_reg[1][7]'
INFO: [Synth 8-3886] merging instance 'gen_weight_ports[1].weight_word_addr_lo_issue_reg[1]_rep[5]' (FDRE) to 'gen_weight_ports[1].weight_word_addr_lo_issue_reg[1][5]'
INFO: [Synth 8-3886] merging instance 'gen_weight_ports[1].weight_word_addr_lo_issue_reg[1]_rep[4]' (FDRE) to 'gen_weight_ports[1].weight_word_addr_lo_issue_reg[1][4]'
INFO: [Synth 8-3886] merging instance 'gen_weight_ports[1].weight_word_addr_lo_issue_reg[1]_rep[3]' (FDRE) to 'gen_weight_ports[1].weight_word_addr_lo_issue_reg[1][3]'
INFO: [Synth 8-3886] merging instance 'gen_weight_ports[1].weight_word_addr_lo_issue_reg[1]_rep[2]' (FDRE) to 'gen_weight_ports[1].weight_word_addr_lo_issue_reg[1][2]'
INFO: [Synth 8-3886] merging instance 'gen_weight_ports[1].weight_word_addr_lo_issue_reg[1]_rep[1]' (FDRE) to 'gen_weight_ports[1].weight_word_addr_lo_issue_reg[1][1]'
INFO: [Synth 8-3886] merging instance 'gen_weight_ports[1].weight_word_addr_lo_issue_reg[1]_rep[0]' (FDRE) to 'gen_weight_ports[1].weight_word_addr_lo_issue_reg[1][0]'
INFO: [Synth 8-3886] merging instance 'gen_weight_ports[1].weight_word_addr_lo_issue_reg[1]_rep[6]' (FDRE) to 'gen_weight_ports[1].weight_word_addr_lo_issue_reg[1][6]'
INFO: [Synth 8-3886] merging instance 'gen_weight_ports[2].weight_word_addr_lo_issue_reg[2]_rep[11]' (FDRE) to 'gen_weight_ports[2].weight_word_addr_lo_issue_reg[2][11]'
INFO: [Synth 8-3886] merging instance 'gen_weight_ports[2].weight_word_addr_lo_issue_reg[2]_rep[10]' (FDRE) to 'gen_weight_ports[2].weight_word_addr_lo_issue_reg[2][10]'
INFO: [Synth 8-3886] merging instance 'gen_weight_ports[2].weight_word_addr_lo_issue_reg[2]_rep[9]' (FDRE) to 'gen_weight_ports[2].weight_word_addr_lo_issue_reg[2][9]'
INFO: [Synth 8-3886] merging instance 'gen_weight_ports[2].weight_word_addr_lo_issue_reg[2]_rep[8]' (FDRE) to 'gen_weight_ports[2].weight_word_addr_lo_issue_reg[2][8]'
INFO: [Synth 8-3886] merging instance 'gen_weight_ports[2].weight_word_addr_lo_issue_reg[2]_rep[7]' (FDRE) to 'gen_weight_ports[2].weight_word_addr_lo_issue_reg[2][7]'
INFO: [Synth 8-3886] merging instance 'gen_weight_ports[2].weight_word_addr_lo_issue_reg[2]_rep[5]' (FDRE) to 'gen_weight_ports[2].weight_word_addr_lo_issue_reg[2][5]'
INFO: [Synth 8-3886] merging instance 'gen_weight_ports[2].weight_word_addr_lo_issue_reg[2]_rep[4]' (FDRE) to 'gen_weight_ports[2].weight_word_addr_lo_issue_reg[2][4]'
INFO: [Synth 8-3886] merging instance 'gen_weight_ports[2].weight_word_addr_lo_issue_reg[2]_rep[3]' (FDRE) to 'gen_weight_ports[2].weight_word_addr_lo_issue_reg[2][3]'
INFO: [Synth 8-3886] merging instance 'gen_weight_ports[2].weight_word_addr_lo_issue_reg[2]_rep[2]' (FDRE) to 'gen_weight_ports[2].weight_word_addr_lo_issue_reg[2][2]'
INFO: [Synth 8-3886] merging instance 'gen_weight_ports[2].weight_word_addr_lo_issue_reg[2]_rep[1]' (FDRE) to 'gen_weight_ports[2].weight_word_addr_lo_issue_reg[2][1]'
INFO: [Synth 8-3886] merging instance 'gen_weight_ports[2].weight_word_addr_lo_issue_reg[2]_rep[0]' (FDRE) to 'gen_weight_ports[2].weight_word_addr_lo_issue_reg[2][0]'
INFO: [Synth 8-3886] merging instance 'gen_weight_ports[2].weight_word_addr_lo_issue_reg[2]_rep[6]' (FDRE) to 'gen_weight_ports[2].weight_word_addr_lo_issue_reg[2][6]'
INFO: [Synth 8-3886] merging instance 'gen_weight_ports[5].weight_word_addr_lo_issue_reg[5]_rep[11]' (FDRE) to 'gen_weight_ports[5].weight_word_addr_lo_issue_reg[5][11]'
INFO: [Synth 8-3886] merging instance 'gen_weight_ports[5].weight_word_addr_lo_issue_reg[5]_rep[10]' (FDRE) to 'gen_weight_ports[5].weight_word_addr_lo_issue_reg[5][10]'
INFO: [Synth 8-3886] merging instance 'gen_weight_ports[5].weight_word_addr_lo_issue_reg[5]_rep[9]' (FDRE) to 'gen_weight_ports[5].weight_word_addr_lo_issue_reg[5][9]'
INFO: [Synth 8-3886] merging instance 'gen_weight_ports[5].weight_word_addr_lo_issue_reg[5]_rep[8]' (FDRE) to 'gen_weight_ports[5].weight_word_addr_lo_issue_reg[5][8]'
INFO: [Synth 8-3886] merging instance 'gen_weight_ports[5].weight_word_addr_lo_issue_reg[5]_rep[7]' (FDRE) to 'gen_weight_ports[5].weight_word_addr_lo_issue_reg[5][7]'
INFO: [Synth 8-3886] merging instance 'gen_weight_ports[5].weight_word_addr_lo_issue_reg[5]_rep[6]' (FDRE) to 'gen_weight_ports[5].weight_word_addr_lo_issue_reg[5][6]'
INFO: [Synth 8-3886] merging instance 'gen_weight_ports[5].weight_word_addr_lo_issue_reg[5]_rep[5]' (FDRE) to 'gen_weight_ports[5].weight_word_addr_lo_issue_reg[5][5]'
INFO: [Synth 8-3886] merging instance 'gen_weight_ports[5].weight_word_addr_lo_issue_reg[5]_rep[4]' (FDRE) to 'gen_weight_ports[5].weight_word_addr_lo_issue_reg[5][4]'
INFO: [Synth 8-3886] merging instance 'gen_weight_ports[5].weight_word_addr_lo_issue_reg[5]_rep[3]' (FDRE) to 'gen_weight_ports[5].weight_word_addr_lo_issue_reg[5][3]'
INFO: [Synth 8-3886] merging instance 'gen_weight_ports[5].weight_word_addr_lo_issue_reg[5]_rep[2]' (FDRE) to 'gen_weight_ports[5].weight_word_addr_lo_issue_reg[5][2]'
INFO: [Synth 8-3886] merging instance 'gen_weight_ports[5].weight_word_addr_lo_issue_reg[5]_rep[1]' (FDRE) to 'gen_weight_ports[5].weight_word_addr_lo_issue_reg[5][1]'
INFO: [Synth 8-3886] merging instance 'gen_weight_ports[5].weight_word_addr_lo_issue_reg[5]_rep[0]' (FDRE) to 'gen_weight_ports[5].weight_word_addr_lo_issue_reg[5][0]'
INFO: [Synth 8-3886] merging instance 'gen_weight_ports[6].weight_word_addr_lo_issue_reg[6]_rep[11]' (FDRE) to 'gen_weight_ports[6].weight_word_addr_lo_issue_reg[6][11]'
INFO: [Synth 8-3886] merging instance 'gen_weight_ports[6].weight_word_addr_lo_issue_reg[6]_rep[10]' (FDRE) to 'gen_weight_ports[6].weight_word_addr_lo_issue_reg[6][10]'
INFO: [Synth 8-3886] merging instance 'gen_weight_ports[6].weight_word_addr_lo_issue_reg[6]_rep[9]' (FDRE) to 'gen_weight_ports[6].weight_word_addr_lo_issue_reg[6][9]'
INFO: [Synth 8-3886] merging instance 'gen_weight_ports[6].weight_word_addr_lo_issue_reg[6]_rep[8]' (FDRE) to 'gen_weight_ports[6].weight_word_addr_lo_issue_reg[6][8]'
INFO: [Synth 8-3886] merging instance 'gen_weight_ports[6].weight_word_addr_lo_issue_reg[6]_rep[7]' (FDRE) to 'gen_weight_ports[6].weight_word_addr_lo_issue_reg[6][7]'
INFO: [Synth 8-3886] merging instance 'gen_weight_ports[6].weight_word_addr_lo_issue_reg[6]_rep[6]' (FDRE) to 'gen_weight_ports[6].weight_word_addr_lo_issue_reg[6][6]'
INFO: [Synth 8-3886] merging instance 'gen_weight_ports[6].weight_word_addr_lo_issue_reg[6]_rep[5]' (FDRE) to 'gen_weight_ports[6].weight_word_addr_lo_issue_reg[6][5]'
INFO: [Synth 8-3886] merging instance 'gen_weight_ports[6].weight_word_addr_lo_issue_reg[6]_rep[4]' (FDRE) to 'gen_weight_ports[6].weight_word_addr_lo_issue_reg[6][4]'
INFO: [Synth 8-3886] merging instance 'gen_weight_ports[6].weight_word_addr_lo_issue_reg[6]_rep[3]' (FDRE) to 'gen_weight_ports[6].weight_word_addr_lo_issue_reg[6][3]'
INFO: [Synth 8-3886] merging instance 'gen_weight_ports[6].weight_word_addr_lo_issue_reg[6]_rep[2]' (FDRE) to 'gen_weight_ports[6].weight_word_addr_lo_issue_reg[6][2]'
INFO: [Synth 8-3886] merging instance 'gen_weight_ports[6].weight_word_addr_lo_issue_reg[6]_rep[1]' (FDRE) to 'gen_weight_ports[6].weight_word_addr_lo_issue_reg[6][1]'
INFO: [Synth 8-3886] merging instance 'gen_weight_ports[6].weight_word_addr_lo_issue_reg[6]_rep[0]' (FDRE) to 'gen_weight_ports[6].weight_word_addr_lo_issue_reg[6][0]'
INFO: [Synth 8-3886] merging instance 'gen_weight_ports[7].weight_word_addr_lo_issue_reg[7]_rep[11]' (FDRE) to 'gen_weight_ports[7].weight_word_addr_lo_issue_reg[7][11]'
INFO: [Synth 8-3886] merging instance 'gen_weight_ports[7].weight_word_addr_lo_issue_reg[7]_rep[10]' (FDRE) to 'gen_weight_ports[7].weight_word_addr_lo_issue_reg[7][10]'
INFO: [Synth 8-3886] merging instance 'gen_weight_ports[7].weight_word_addr_lo_issue_reg[7]_rep[9]' (FDRE) to 'gen_weight_ports[7].weight_word_addr_lo_issue_reg[7][9]'
INFO: [Synth 8-3886] merging instance 'gen_weight_ports[7].weight_word_addr_lo_issue_reg[7]_rep[8]' (FDRE) to 'gen_weight_ports[7].weight_word_addr_lo_issue_reg[7][8]'
INFO: [Synth 8-3886] merging instance 'gen_weight_ports[7].weight_word_addr_lo_issue_reg[7]_rep[7]' (FDRE) to 'gen_weight_ports[7].weight_word_addr_lo_issue_reg[7][7]'
INFO: [Synth 8-3886] merging instance 'gen_weight_ports[7].weight_word_addr_lo_issue_reg[7]_rep[6]' (FDRE) to 'gen_weight_ports[7].weight_word_addr_lo_issue_reg[7][6]'
INFO: [Synth 8-3886] merging instance 'gen_weight_ports[7].weight_word_addr_lo_issue_reg[7]_rep[5]' (FDRE) to 'gen_weight_ports[7].weight_word_addr_lo_issue_reg[7][5]'
INFO: [Synth 8-3886] merging instance 'gen_weight_ports[7].weight_word_addr_lo_issue_reg[7]_rep[4]' (FDRE) to 'gen_weight_ports[7].weight_word_addr_lo_issue_reg[7][4]'
INFO: [Synth 8-3886] merging instance 'gen_weight_ports[7].weight_word_addr_lo_issue_reg[7]_rep[3]' (FDRE) to 'gen_weight_ports[7].weight_word_addr_lo_issue_reg[7][3]'
INFO: [Synth 8-3886] merging instance 'gen_weight_ports[7].weight_word_addr_lo_issue_reg[7]_rep[2]' (FDRE) to 'gen_weight_ports[7].weight_word_addr_lo_issue_reg[7][2]'
INFO: [Synth 8-3886] merging instance 'gen_weight_ports[7].weight_word_addr_lo_issue_reg[7]_rep[1]' (FDRE) to 'gen_weight_ports[7].weight_word_addr_lo_issue_reg[7][1]'
INFO: [Synth 8-3886] merging instance 'gen_weight_ports[7].weight_word_addr_lo_issue_reg[7]_rep[0]' (FDRE) to 'gen_weight_ports[7].weight_word_addr_lo_issue_reg[7][0]'
INFO: [Synth 8-3886] merging instance 'gen_weight_ports[0].weight_bit_offset_issue_reg[0][4]' (FDRE) to 'gen_weight_ports[2].weight_bit_offset_issue_reg[2][4]'
INFO: [Synth 8-3886] merging instance 'gen_weight_ports[0].weight_bit_offset_issue_reg[0][3]' (FDRE) to 'gen_weight_ports[3].weight_bit_offset_issue_reg[3][3]'
INFO: [Synth 8-3886] merging instance 'gen_weight_ports[0].weight_bit_offset_issue_reg[0][2]' (FDRE) to 'gen_weight_ports[3].weight_bit_offset_issue_reg[3][0]'
INFO: [Synth 8-3886] merging instance 'gen_weight_ports[0].weight_bit_offset_issue_reg[0][1]' (FDRE) to 'gen_weight_ports[3].weight_bit_offset_issue_reg[3][0]'
INFO: [Common 17-14] Message 'Synth 8-3886' appears 100 times and further instances of the messages will be disabled. Use the Tcl command set_msg_config to change the current settings.
INFO: [Common 17-14] Message 'Synth 8-3886' appears 100 times and further instances of the messages will be disabled. Use the Tcl command set_msg_config to change the current settings.
INFO: [Synth 8-3333] propagating constant 0 across sequential element (\gen_weight_ports[3].weight_bit_offset_issue_reg[3][2] )
INFO: [Synth 8-3333] propagating constant 0 across sequential element (\gen_weight_ports[3].bit_offset_q_reg[3][2] )
INFO: [Synth 8-6794] RAM ("layer_memory__GB1/gen_weight_ports[7].mem_weights_lo_reg") will be automatically implemented using URAM. 
INFO: [Synth 8-5780] Default cascade height of 8 will be used for URAM '"layer_memory__GB1/gen_weight_ports[7].mem_weights_lo_reg"'.
INFO: [Synth 8-6794] RAM ("layer_memory__GB1/gen_weight_ports[7].mem_weights_hi_reg") will be automatically implemented using URAM. 
INFO: [Synth 8-5780] Default cascade height of 8 will be used for URAM '"layer_memory__GB1/gen_weight_ports[7].mem_weights_hi_reg"'.
INFO: [Synth 8-6794] RAM ("layer_memory__GB1/gen_weight_ports[7].mem_weights_lo_reg") will be automatically implemented using URAM. 
INFO: [Synth 8-5780] Default cascade height of 8 will be used for URAM '"layer_memory__GB1/gen_weight_ports[7].mem_weights_lo_reg"'.
INFO: [Synth 8-6794] RAM ("layer_memory__GB1/gen_weight_ports[7].mem_weights_hi_reg") will be automatically implemented using URAM. 
INFO: [Synth 8-5780] Default cascade height of 8 will be used for URAM '"layer_memory__GB1/gen_weight_ports[7].mem_weights_hi_reg"'.
INFO: [Synth 8-6794] RAM ("layer_memory__GB2/gen_weight_ports[6].mem_weights_lo_reg") will be automatically implemented using URAM. 
INFO: [Synth 8-5780] Default cascade height of 8 will be used for URAM '"layer_memory__GB2/gen_weight_ports[6].mem_weights_lo_reg"'.
INFO: [Synth 8-6794] RAM ("layer_memory__GB2/gen_weight_ports[6].mem_weights_hi_reg") will be automatically implemented using URAM. 
INFO: [Synth 8-5780] Default cascade height of 8 will be used for URAM '"layer_memory__GB2/gen_weight_ports[6].mem_weights_hi_reg"'.
INFO: [Synth 8-6794] RAM ("layer_memory__GB2/gen_weight_ports[6].mem_weights_lo_reg") will be automatically implemented using URAM. 
INFO: [Synth 8-5780] Default cascade height of 8 will be used for URAM '"layer_memory__GB2/gen_weight_ports[6].mem_weights_lo_reg"'.
INFO: [Synth 8-6794] RAM ("layer_memory__GB2/gen_weight_ports[6].mem_weights_hi_reg") will be automatically implemented using URAM. 
INFO: [Synth 8-5780] Default cascade height of 8 will be used for URAM '"layer_memory__GB2/gen_weight_ports[6].mem_weights_hi_reg"'.
INFO: [Synth 8-6794] RAM ("layer_memory__GB3/gen_weight_ports[5].mem_weights_lo_reg") will be automatically implemented using URAM. 
INFO: [Synth 8-5780] Default cascade height of 8 will be used for URAM '"layer_memory__GB3/gen_weight_ports[5].mem_weights_lo_reg"'.
INFO: [Synth 8-6794] RAM ("layer_memory__GB3/gen_weight_ports[5].mem_weights_hi_reg") will be automatically implemented using URAM. 
INFO: [Synth 8-5780] Default cascade height of 8 will be used for URAM '"layer_memory__GB3/gen_weight_ports[5].mem_weights_hi_reg"'.
INFO: [Synth 8-6794] RAM ("layer_memory__GB3/gen_weight_ports[5].mem_weights_lo_reg") will be automatically implemented using URAM. 
INFO: [Synth 8-5780] Default cascade height of 8 will be used for URAM '"layer_memory__GB3/gen_weight_ports[5].mem_weights_lo_reg"'.
INFO: [Synth 8-6794] RAM ("layer_memory__GB3/gen_weight_ports[5].mem_weights_hi_reg") will be automatically implemented using URAM. 
INFO: [Synth 8-5780] Default cascade height of 8 will be used for URAM '"layer_memory__GB3/gen_weight_ports[5].mem_weights_hi_reg"'.
RAM ("layer_memory__parameterized0__GB0/gen_weight_ports[7].mem_weights_hi_reg") is too shallow (depth = 1024) to use URAM. Choosing BRAM instead of URAM 
INFO: [Synth 8-7030] Implemented Non-Cascaded Block Ram (cascade_height = 1) of width 36 for RAM "layer_memory__parameterized0__GB0/gen_weight_ports[7].mem_weights_hi_reg"
INFO: [Synth 8-7030] Implemented Non-Cascaded Block Ram (cascade_height = 1) of width 28 for RAM "layer_memory__parameterized0__GB0/gen_weight_ports[7].mem_weights_hi_reg"
RAM ("layer_memory__parameterized0__GB0/gen_weight_ports[7].mem_weights_lo_reg") is too shallow (depth = 1024) to use URAM. Choosing BRAM instead of URAM 
INFO: [Synth 8-7030] Implemented Non-Cascaded Block Ram (cascade_height = 1) of width 36 for RAM "layer_memory__parameterized0__GB0/gen_weight_ports[7].mem_weights_lo_reg"
INFO: [Synth 8-7030] Implemented Non-Cascaded Block Ram (cascade_height = 1) of width 28 for RAM "layer_memory__parameterized0__GB0/gen_weight_ports[7].mem_weights_lo_reg"
RAM ("layer_memory__parameterized0__GB0/gen_weight_ports[6].mem_weights_hi_reg") is too shallow (depth = 1024) to use URAM. Choosing BRAM instead of URAM 
INFO: [Synth 8-7030] Implemented Non-Cascaded Block Ram (cascade_height = 1) of width 36 for RAM "layer_memory__parameterized0__GB0/gen_weight_ports[6].mem_weights_hi_reg"
INFO: [Synth 8-7030] Implemented Non-Cascaded Block Ram (cascade_height = 1) of width 28 for RAM "layer_memory__parameterized0__GB0/gen_weight_ports[6].mem_weights_hi_reg"
RAM ("layer_memory__parameterized0__GB0/gen_weight_ports[6].mem_weights_lo_reg") is too shallow (depth = 1024) to use URAM. Choosing BRAM instead of URAM 
INFO: [Synth 8-7030] Implemented Non-Cascaded Block Ram (cascade_height = 1) of width 36 for RAM "layer_memory__parameterized0__GB0/gen_weight_ports[6].mem_weights_lo_reg"
INFO: [Synth 8-7030] Implemented Non-Cascaded Block Ram (cascade_height = 1) of width 28 for RAM "layer_memory__parameterized0__GB0/gen_weight_ports[6].mem_weights_lo_reg"
RAM ("layer_memory__parameterized0__GB0/gen_weight_ports[5].mem_weights_hi_reg") is too shallow (depth = 1024) to use URAM. Choosing BRAM instead of URAM 
INFO: [Synth 8-7030] Implemented Non-Cascaded Block Ram (cascade_height = 1) of width 36 for RAM "layer_memory__parameterized0__GB0/gen_weight_ports[5].mem_weights_hi_reg"
INFO: [Synth 8-7030] Implemented Non-Cascaded Block Ram (cascade_height = 1) of width 28 for RAM "layer_memory__parameterized0__GB0/gen_weight_ports[5].mem_weights_hi_reg"
RAM ("layer_memory__parameterized0__GB0/gen_weight_ports[5].mem_weights_lo_reg") is too shallow (depth = 1024) to use URAM. Choosing BRAM instead of URAM 
INFO: [Synth 8-7030] Implemented Non-Cascaded Block Ram (cascade_height = 1) of width 36 for RAM "layer_memory__parameterized0__GB0/gen_weight_ports[5].mem_weights_lo_reg"
INFO: [Synth 8-7030] Implemented Non-Cascaded Block Ram (cascade_height = 1) of width 28 for RAM "layer_memory__parameterized0__GB0/gen_weight_ports[5].mem_weights_lo_reg"
RAM ("layer_memory__parameterized0__GB0/gen_weight_ports[4].mem_weights_hi_reg") is too shallow (depth = 1024) to use URAM. Choosing BRAM instead of URAM 
INFO: [Synth 8-7030] Implemented Non-Cascaded Block Ram (cascade_height = 1) of width 36 for RAM "layer_memory__parameterized0__GB0/gen_weight_ports[4].mem_weights_hi_reg"
INFO: [Synth 8-7030] Implemented Non-Cascaded Block Ram (cascade_height = 1) of width 28 for RAM "layer_memory__parameterized0__GB0/gen_weight_ports[4].mem_weights_hi_reg"
RAM ("layer_memory__parameterized0__GB0/gen_weight_ports[4].mem_weights_lo_reg") is too shallow (depth = 1024) to use URAM. Choosing BRAM instead of URAM 
INFO: [Synth 8-7030] Implemented Non-Cascaded Block Ram (cascade_height = 1) of width 36 for RAM "layer_memory__parameterized0__GB0/gen_weight_ports[4].mem_weights_lo_reg"
INFO: [Synth 8-7030] Implemented Non-Cascaded Block Ram (cascade_height = 1) of width 28 for RAM "layer_memory__parameterized0__GB0/gen_weight_ports[4].mem_weights_lo_reg"
RAM ("layer_memory__parameterized0__GB0/gen_weight_ports[0].mem_weights_hi_reg") is too shallow (depth = 1024) to use URAM. Choosing BRAM instead of URAM 
INFO: [Synth 8-7030] Implemented Non-Cascaded Block Ram (cascade_height = 1) of width 36 for RAM "layer_memory__parameterized0__GB0/gen_weight_ports[0].mem_weights_hi_reg"
INFO: [Synth 8-7030] Implemented Non-Cascaded Block Ram (cascade_height = 1) of width 28 for RAM "layer_memory__parameterized0__GB0/gen_weight_ports[0].mem_weights_hi_reg"
RAM ("layer_memory__parameterized0__GB0/gen_weight_ports[0].mem_weights_lo_reg") is too shallow (depth = 1024) to use URAM. Choosing BRAM instead of URAM 
INFO: [Synth 8-7030] Implemented Non-Cascaded Block Ram (cascade_height = 1) of width 36 for RAM "layer_memory__parameterized0__GB0/gen_weight_ports[0].mem_weights_lo_reg"
INFO: [Synth 8-7030] Implemented Non-Cascaded Block Ram (cascade_height = 1) of width 28 for RAM "layer_memory__parameterized0__GB0/gen_weight_ports[0].mem_weights_lo_reg"
INFO: [Synth 8-3333] propagating constant 0 across sequential element (\gen_weight_ports[0].weight_bit_offset_issue_reg[0][2] )
INFO: [Synth 8-3333] propagating constant 0 across sequential element (\gen_weight_ports[0].bit_offset_q_reg[0][2] )
RAM ("layer_memory__parameterized0__GB1/gen_weight_ports[1].mem_weights_lo_reg") is too shallow (depth = 1024) to use URAM. Choosing BRAM instead of URAM 
INFO: [Synth 8-7030] Implemented Non-Cascaded Block Ram (cascade_height = 1) of width 36 for RAM "layer_memory__parameterized0__GB1/gen_weight_ports[1].mem_weights_lo_reg"
INFO: [Synth 8-7030] Implemented Non-Cascaded Block Ram (cascade_height = 1) of width 28 for RAM "layer_memory__parameterized0__GB1/gen_weight_ports[1].mem_weights_lo_reg"
RAM ("layer_memory__parameterized0__GB1/gen_weight_ports[1].mem_weights_hi_reg") is too shallow (depth = 1024) to use URAM. Choosing BRAM instead of URAM 
INFO: [Synth 8-7030] Implemented Non-Cascaded Block Ram (cascade_height = 1) of width 36 for RAM "layer_memory__parameterized0__GB1/gen_weight_ports[1].mem_weights_hi_reg"
INFO: [Synth 8-7030] Implemented Non-Cascaded Block Ram (cascade_height = 1) of width 28 for RAM "layer_memory__parameterized0__GB1/gen_weight_ports[1].mem_weights_hi_reg"
RAM ("layer_memory__parameterized0__GB2/gen_weight_ports[3].mem_weights_lo_reg") is too shallow (depth = 1024) to use URAM. Choosing BRAM instead of URAM 
INFO: [Synth 8-7030] Implemented Non-Cascaded Block Ram (cascade_height = 1) of width 36 for RAM "layer_memory__parameterized0__GB2/gen_weight_ports[3].mem_weights_lo_reg"
INFO: [Synth 8-7030] Implemented Non-Cascaded Block Ram (cascade_height = 1) of width 28 for RAM "layer_memory__parameterized0__GB2/gen_weight_ports[3].mem_weights_lo_reg"
RAM ("layer_memory__parameterized0__GB2/gen_weight_ports[3].mem_weights_hi_reg") is too shallow (depth = 1024) to use URAM. Choosing BRAM instead of URAM 
INFO: [Synth 8-7030] Implemented Non-Cascaded Block Ram (cascade_height = 1) of width 36 for RAM "layer_memory__parameterized0__GB2/gen_weight_ports[3].mem_weights_hi_reg"
INFO: [Synth 8-7030] Implemented Non-Cascaded Block Ram (cascade_height = 1) of width 28 for RAM "layer_memory__parameterized0__GB2/gen_weight_ports[3].mem_weights_hi_reg"
RAM ("layer_memory__parameterized0__GB3/gen_weight_ports[2].mem_weights_lo_reg") is too shallow (depth = 1024) to use URAM. Choosing BRAM instead of URAM 
INFO: [Synth 8-7030] Implemented Non-Cascaded Block Ram (cascade_height = 1) of width 36 for RAM "layer_memory__parameterized0__GB3/gen_weight_ports[2].mem_weights_lo_reg"
INFO: [Synth 8-7030] Implemented Non-Cascaded Block Ram (cascade_height = 1) of width 28 for RAM "layer_memory__parameterized0__GB3/gen_weight_ports[2].mem_weights_lo_reg"
RAM ("layer_memory__parameterized0__GB3/gen_weight_ports[2].mem_weights_hi_reg") is too shallow (depth = 1024) to use URAM. Choosing BRAM instead of URAM 
INFO: [Synth 8-7030] Implemented Non-Cascaded Block Ram (cascade_height = 1) of width 36 for RAM "layer_memory__parameterized0__GB3/gen_weight_ports[2].mem_weights_hi_reg"
INFO: [Synth 8-7030] Implemented Non-Cascaded Block Ram (cascade_height = 1) of width 28 for RAM "layer_memory__parameterized0__GB3/gen_weight_ports[2].mem_weights_hi_reg"
INFO: [Synth 8-4471] merging register 'neuron_base_cnt_reg[4:0]' into 'neuron_base_cnt_reg[4:0]' [/ecel/UFAD/ymahmud/bnn_fcc_contest/rtl/compute_layer.sv:94]
WARNING: [Synth 8-3917] design compute_layer__parameterized1__GB2 has port P[11] driven by constant 0
WARNING: [Synth 8-3917] design compute_layer__parameterized1__GB2 has port P[4] driven by constant 0
WARNING: [Synth 8-3917] design compute_layer__parameterized1__GB2 has port P[3] driven by constant 0
WARNING: [Synth 8-3917] design compute_layer__parameterized1__GB2 has port P[2] driven by constant 0
WARNING: [Synth 8-3917] design compute_layer__parameterized1__GB2 has port P[1] driven by constant 0
WARNING: [Synth 8-3917] design compute_layer__parameterized1__GB2 has port P[0] driven by constant 0
WARNING: [Synth 8-3917] design compute_layer__parameterized1__GB2 has port O30[10] driven by constant 0
WARNING: [Synth 8-3917] design compute_layer__parameterized1__GB2 has port O30[4] driven by constant 0
WARNING: [Synth 8-3917] design compute_layer__parameterized1__GB2 has port O30[3] driven by constant 0
WARNING: [Synth 8-3917] design compute_layer__parameterized1__GB2 has port O30[2] driven by constant 0
WARNING: [Synth 8-3917] design compute_layer__parameterized1__GB2 has port O30[1] driven by constant 0
WARNING: [Synth 8-3917] design compute_layer__parameterized1__GB2 has port O30[0] driven by constant 0
WARNING: [Synth 8-3917] design compute_layer__parameterized1__GB2 has port O31[11] driven by constant 0
WARNING: [Synth 8-3917] design compute_layer__parameterized1__GB2 has port O31[4] driven by constant 0
WARNING: [Synth 8-3917] design compute_layer__parameterized1__GB2 has port O31[3] driven by constant 0
WARNING: [Synth 8-3917] design compute_layer__parameterized1__GB2 has port O31[2] driven by constant 0
WARNING: [Synth 8-3917] design compute_layer__parameterized1__GB2 has port O31[1] driven by constant 0
WARNING: [Synth 8-3917] design compute_layer__parameterized1__GB2 has port O31[0] driven by constant 0
WARNING: [Synth 8-3917] design compute_layer__parameterized1__GB2 has port O32[11] driven by constant 0
WARNING: [Synth 8-3917] design compute_layer__parameterized1__GB2 has port O32[4] driven by constant 0
WARNING: [Synth 8-3917] design compute_layer__parameterized1__GB2 has port O32[3] driven by constant 0
WARNING: [Synth 8-3917] design compute_layer__parameterized1__GB2 has port O32[2] driven by constant 0
WARNING: [Synth 8-3917] design compute_layer__parameterized1__GB2 has port O32[1] driven by constant 0
WARNING: [Synth 8-3917] design compute_layer__parameterized1__GB2 has port O32[0] driven by constant 0
WARNING: [Synth 8-3917] design compute_layer__parameterized1__GB2 has port O33[11] driven by constant 0
WARNING: [Synth 8-3917] design compute_layer__parameterized1__GB2 has port O33[4] driven by constant 0
WARNING: [Synth 8-3917] design compute_layer__parameterized1__GB2 has port O33[3] driven by constant 0
WARNING: [Synth 8-3917] design compute_layer__parameterized1__GB2 has port O33[2] driven by constant 0
WARNING: [Synth 8-3917] design compute_layer__parameterized1__GB2 has port O33[1] driven by constant 0
WARNING: [Synth 8-3917] design compute_layer__parameterized1__GB2 has port O33[0] driven by constant 0
WARNING: [Synth 8-3917] design compute_layer__parameterized1__GB2 has port O34[11] driven by constant 0
WARNING: [Synth 8-3917] design compute_layer__parameterized1__GB2 has port O34[4] driven by constant 0
WARNING: [Synth 8-3917] design compute_layer__parameterized1__GB2 has port O34[3] driven by constant 0
WARNING: [Synth 8-3917] design compute_layer__parameterized1__GB2 has port O34[2] driven by constant 0
WARNING: [Synth 8-3917] design compute_layer__parameterized1__GB2 has port O34[1] driven by constant 0
WARNING: [Synth 8-3917] design compute_layer__parameterized1__GB2 has port O34[0] driven by constant 0
WARNING: [Synth 8-3917] design compute_layer__parameterized1__GB2 has port O35[11] driven by constant 0
WARNING: [Synth 8-3917] design compute_layer__parameterized1__GB2 has port O35[4] driven by constant 0
WARNING: [Synth 8-3917] design compute_layer__parameterized1__GB2 has port O35[3] driven by constant 0
WARNING: [Synth 8-3917] design compute_layer__parameterized1__GB2 has port O35[2] driven by constant 0
WARNING: [Synth 8-3917] design compute_layer__parameterized1__GB2 has port O35[1] driven by constant 0
WARNING: [Synth 8-3917] design compute_layer__parameterized1__GB2 has port O35[0] driven by constant 0
WARNING: [Synth 8-3917] design compute_layer__parameterized1__GB2 has port O36[11] driven by constant 0
WARNING: [Synth 8-3917] design compute_layer__parameterized1__GB2 has port O36[4] driven by constant 0
WARNING: [Synth 8-3917] design compute_layer__parameterized1__GB2 has port O36[3] driven by constant 0
WARNING: [Synth 8-3917] design compute_layer__parameterized1__GB2 has port O36[2] driven by constant 0
WARNING: [Synth 8-3917] design compute_layer__parameterized1__GB2 has port O36[1] driven by constant 0
WARNING: [Synth 8-3917] design compute_layer__parameterized1__GB2 has port O36[0] driven by constant 0
WARNING: [Synth 8-3917] design compute_layer__parameterized1__GB2 has port O37[11] driven by constant 0
WARNING: [Synth 8-3917] design compute_layer__parameterized1__GB2 has port O37[4] driven by constant 0
WARNING: [Synth 8-3917] design compute_layer__parameterized1__GB2 has port O37[3] driven by constant 0
WARNING: [Synth 8-3917] design compute_layer__parameterized1__GB2 has port O37[2] driven by constant 0
WARNING: [Synth 8-3917] design compute_layer__parameterized1__GB2 has port O37[1] driven by constant 0
WARNING: [Synth 8-3917] design compute_layer__parameterized1__GB2 has port O37[0] driven by constant 0
WARNING: [Synth 8-3917] design compute_layer__parameterized1__GB2 has port O38[11] driven by constant 0
WARNING: [Synth 8-3917] design compute_layer__parameterized1__GB2 has port O38[4] driven by constant 0
WARNING: [Synth 8-3917] design compute_layer__parameterized1__GB2 has port O38[3] driven by constant 0
WARNING: [Synth 8-3917] design compute_layer__parameterized1__GB2 has port O38[2] driven by constant 0
WARNING: [Synth 8-3917] design compute_layer__parameterized1__GB2 has port O38[1] driven by constant 0
WARNING: [Synth 8-3917] design compute_layer__parameterized1__GB2 has port O38[0] driven by constant 0
INFO: [Synth 8-3333] propagating constant 0 across sequential element (\neuron_base_cnt_reg[0] )
INFO: [Synth 8-4471] merging register 'chunk_cnt_reg[3:0]' into 'chunk_cnt_reg[3:0]' [/ecel/UFAD/ymahmud/bnn_fcc_contest/rtl/compute_layer.sv:118]
INFO: [Synth 8-4471] merging register 'chunk_cnt_reg[3:0]' into 'chunk_cnt_reg[3:0]' [/ecel/UFAD/ymahmud/bnn_fcc_contest/rtl/compute_layer.sv:118]
INFO: [Synth 8-4471] merging register 'chunk_cnt_reg[3:0]' into 'chunk_cnt_reg[3:0]' [/ecel/UFAD/ymahmud/bnn_fcc_contest/rtl/compute_layer.sv:118]
INFO: [Synth 8-4471] merging register 'chunk_cnt_reg[3:0]' into 'chunk_cnt_reg[3:0]' [/ecel/UFAD/ymahmud/bnn_fcc_contest/rtl/compute_layer.sv:118]
INFO: [Synth 8-4471] merging register 'chunk_cnt_reg[3:0]' into 'chunk_cnt_reg[3:0]' [/ecel/UFAD/ymahmud/bnn_fcc_contest/rtl/compute_layer.sv:118]
INFO: [Synth 8-4471] merging register 'chunk_cnt_reg[3:0]' into 'chunk_cnt_reg[3:0]' [/ecel/UFAD/ymahmud/bnn_fcc_contest/rtl/compute_layer.sv:118]
INFO: [Synth 8-4471] merging register 'chunk_cnt_reg[3:0]' into 'chunk_cnt_reg[3:0]' [/ecel/UFAD/ymahmud/bnn_fcc_contest/rtl/compute_layer.sv:118]
INFO: [Synth 8-4471] merging register 'chunk_cnt_reg[3:0]' into 'chunk_cnt_reg[3:0]' [/ecel/UFAD/ymahmud/bnn_fcc_contest/rtl/compute_layer.sv:118]
INFO: [Synth 8-4471] merging register 'chunk_cnt_reg[3:0]' into 'chunk_cnt_reg[3:0]' [/ecel/UFAD/ymahmud/bnn_fcc_contest/rtl/compute_layer.sv:118]
INFO: [Synth 8-4471] merging register 'chunk_cnt_reg[3:0]' into 'chunk_cnt_reg[3:0]' [/ecel/UFAD/ymahmud/bnn_fcc_contest/rtl/compute_layer.sv:118]
INFO: [Synth 8-4471] merging register 'chunk_cnt_reg[3:0]' into 'chunk_cnt_reg[3:0]' [/ecel/UFAD/ymahmud/bnn_fcc_contest/rtl/compute_layer.sv:118]
INFO: [Synth 8-4471] merging register 'chunk_cnt_reg[3:0]' into 'chunk_cnt_reg[3:0]' [/ecel/UFAD/ymahmud/bnn_fcc_contest/rtl/compute_layer.sv:118]
INFO: [Synth 8-4471] merging register 'chunk_cnt_reg[3:0]' into 'chunk_cnt_reg[3:0]' [/ecel/UFAD/ymahmud/bnn_fcc_contest/rtl/compute_layer.sv:118]
INFO: [Synth 8-4471] merging register 'chunk_cnt_reg[3:0]' into 'chunk_cnt_reg[3:0]' [/ecel/UFAD/ymahmud/bnn_fcc_contest/rtl/compute_layer.sv:118]
INFO: [Synth 8-4471] merging register 'chunk_cnt_reg[3:0]' into 'chunk_cnt_reg[3:0]' [/ecel/UFAD/ymahmud/bnn_fcc_contest/rtl/compute_layer.sv:118]
INFO: [Synth 8-4471] merging register 'chunk_cnt_reg[3:0]' into 'chunk_cnt_reg[3:0]' [/ecel/UFAD/ymahmud/bnn_fcc_contest/rtl/compute_layer.sv:118]
INFO: [Synth 8-4471] merging register 'chunk_cnt_reg[3:0]' into 'chunk_cnt_reg[3:0]' [/ecel/UFAD/ymahmud/bnn_fcc_contest/rtl/compute_layer.sv:118]
INFO: [Synth 8-4471] merging register 'chunk_cnt_reg[3:0]' into 'chunk_cnt_reg[3:0]' [/ecel/UFAD/ymahmud/bnn_fcc_contest/rtl/compute_layer.sv:118]
INFO: [Synth 8-4471] merging register 'chunk_cnt_reg[3:0]' into 'chunk_cnt_reg[3:0]' [/ecel/UFAD/ymahmud/bnn_fcc_contest/rtl/compute_layer.sv:118]
INFO: [Synth 8-4471] merging register 'chunk_cnt_reg[3:0]' into 'chunk_cnt_reg[3:0]' [/ecel/UFAD/ymahmud/bnn_fcc_contest/rtl/compute_layer.sv:118]
INFO: [Synth 8-4471] merging register 'chunk_cnt_reg[3:0]' into 'chunk_cnt_reg[3:0]' [/ecel/UFAD/ymahmud/bnn_fcc_contest/rtl/compute_layer.sv:118]
INFO: [Synth 8-4471] merging register 'chunk_cnt_reg[3:0]' into 'chunk_cnt_reg[3:0]' [/ecel/UFAD/ymahmud/bnn_fcc_contest/rtl/compute_layer.sv:118]
INFO: [Synth 8-4471] merging register 'chunk_cnt_reg[3:0]' into 'chunk_cnt_reg[3:0]' [/ecel/UFAD/ymahmud/bnn_fcc_contest/rtl/compute_layer.sv:118]
INFO: [Synth 8-4471] merging register 'chunk_cnt_reg[3:0]' into 'chunk_cnt_reg[3:0]' [/ecel/UFAD/ymahmud/bnn_fcc_contest/rtl/compute_layer.sv:118]
INFO: [Synth 8-4471] merging register 'chunk_cnt_reg[3:0]' into 'chunk_cnt_reg[3:0]' [/ecel/UFAD/ymahmud/bnn_fcc_contest/rtl/compute_layer.sv:118]
INFO: [Synth 8-4471] merging register 'chunk_cnt_reg[3:0]' into 'chunk_cnt_reg[3:0]' [/ecel/UFAD/ymahmud/bnn_fcc_contest/rtl/compute_layer.sv:118]
INFO: [Synth 8-4471] merging register 'chunk_cnt_reg[3:0]' into 'chunk_cnt_reg[3:0]' [/ecel/UFAD/ymahmud/bnn_fcc_contest/rtl/compute_layer.sv:118]
INFO: [Synth 8-4471] merging register 'chunk_cnt_reg[3:0]' into 'chunk_cnt_reg[3:0]' [/ecel/UFAD/ymahmud/bnn_fcc_contest/rtl/compute_layer.sv:118]
INFO: [Synth 8-4471] merging register 'chunk_cnt_reg[3:0]' into 'chunk_cnt_reg[3:0]' [/ecel/UFAD/ymahmud/bnn_fcc_contest/rtl/compute_layer.sv:118]
INFO: [Synth 8-4471] merging register 'chunk_cnt_reg[3:0]' into 'chunk_cnt_reg[3:0]' [/ecel/UFAD/ymahmud/bnn_fcc_contest/rtl/compute_layer.sv:118]
INFO: [Synth 8-4471] merging register 'chunk_cnt_reg[3:0]' into 'chunk_cnt_reg[3:0]' [/ecel/UFAD/ymahmud/bnn_fcc_contest/rtl/compute_layer.sv:118]
INFO: [Synth 8-4471] merging register 'chunk_cnt_reg[3:0]' into 'chunk_cnt_reg[3:0]' [/ecel/UFAD/ymahmud/bnn_fcc_contest/rtl/compute_layer.sv:118]
INFO: [Synth 8-4471] merging register 'chunk_cnt_reg[3:0]' into 'chunk_cnt_reg[3:0]' [/ecel/UFAD/ymahmud/bnn_fcc_contest/rtl/compute_layer.sv:118]
INFO: [Synth 8-4471] merging register 'chunk_cnt_reg[3:0]' into 'chunk_cnt_reg[3:0]' [/ecel/UFAD/ymahmud/bnn_fcc_contest/rtl/compute_layer.sv:118]
INFO: [Synth 8-4471] merging register 'chunk_cnt_reg[3:0]' into 'chunk_cnt_reg[3:0]' [/ecel/UFAD/ymahmud/bnn_fcc_contest/rtl/compute_layer.sv:118]
INFO: [Synth 8-4471] merging register 'chunk_cnt_reg[3:0]' into 'chunk_cnt_reg[3:0]' [/ecel/UFAD/ymahmud/bnn_fcc_contest/rtl/compute_layer.sv:118]
INFO: [Synth 8-4471] merging register 'chunk_cnt_reg[3:0]' into 'chunk_cnt_reg[3:0]' [/ecel/UFAD/ymahmud/bnn_fcc_contest/rtl/compute_layer.sv:118]
INFO: [Synth 8-4471] merging register 'chunk_cnt_reg[3:0]' into 'chunk_cnt_reg[3:0]' [/ecel/UFAD/ymahmud/bnn_fcc_contest/rtl/compute_layer.sv:118]
INFO: [Synth 8-4471] merging register 'chunk_cnt_reg[3:0]' into 'chunk_cnt_reg[3:0]' [/ecel/UFAD/ymahmud/bnn_fcc_contest/rtl/compute_layer.sv:118]
INFO: [Synth 8-4471] merging register 'chunk_cnt_reg[3:0]' into 'chunk_cnt_reg[3:0]' [/ecel/UFAD/ymahmud/bnn_fcc_contest/rtl/compute_layer.sv:118]
INFO: [Synth 8-4471] merging register 'chunk_cnt_reg[3:0]' into 'chunk_cnt_reg[3:0]' [/ecel/UFAD/ymahmud/bnn_fcc_contest/rtl/compute_layer.sv:118]
INFO: [Synth 8-4471] merging register 'chunk_cnt_reg[3:0]' into 'chunk_cnt_reg[3:0]' [/ecel/UFAD/ymahmud/bnn_fcc_contest/rtl/compute_layer.sv:118]
INFO: [Synth 8-4471] merging register 'chunk_cnt_reg[3:0]' into 'chunk_cnt_reg[3:0]' [/ecel/UFAD/ymahmud/bnn_fcc_contest/rtl/compute_layer.sv:118]
INFO: [Synth 8-4471] merging register 'chunk_cnt_reg[3:0]' into 'chunk_cnt_reg[3:0]' [/ecel/UFAD/ymahmud/bnn_fcc_contest/rtl/compute_layer.sv:118]
INFO: [Synth 8-4471] merging register 'chunk_cnt_reg[3:0]' into 'chunk_cnt_reg[3:0]' [/ecel/UFAD/ymahmud/bnn_fcc_contest/rtl/compute_layer.sv:118]
INFO: [Synth 8-4471] merging register 'chunk_cnt_reg[3:0]' into 'chunk_cnt_reg[3:0]' [/ecel/UFAD/ymahmud/bnn_fcc_contest/rtl/compute_layer.sv:118]
INFO: [Synth 8-4471] merging register 'chunk_cnt_reg[3:0]' into 'chunk_cnt_reg[3:0]' [/ecel/UFAD/ymahmud/bnn_fcc_contest/rtl/compute_layer.sv:118]
INFO: [Synth 8-4471] merging register 'chunk_cnt_reg[3:0]' into 'chunk_cnt_reg[3:0]' [/ecel/UFAD/ymahmud/bnn_fcc_contest/rtl/compute_layer.sv:118]
INFO: [Synth 8-4471] merging register 'chunk_cnt_reg[3:0]' into 'chunk_cnt_reg[3:0]' [/ecel/UFAD/ymahmud/bnn_fcc_contest/rtl/compute_layer.sv:118]
INFO: [Synth 8-4471] merging register 'chunk_cnt_reg[3:0]' into 'chunk_cnt_reg[3:0]' [/ecel/UFAD/ymahmud/bnn_fcc_contest/rtl/compute_layer.sv:118]
INFO: [Synth 8-4471] merging register 'chunk_cnt_reg[3:0]' into 'chunk_cnt_reg[3:0]' [/ecel/UFAD/ymahmud/bnn_fcc_contest/rtl/compute_layer.sv:118]
INFO: [Synth 8-4471] merging register 'chunk_cnt_reg[3:0]' into 'chunk_cnt_reg[3:0]' [/ecel/UFAD/ymahmud/bnn_fcc_contest/rtl/compute_layer.sv:118]
INFO: [Synth 8-4471] merging register 'chunk_cnt_reg[3:0]' into 'chunk_cnt_reg[3:0]' [/ecel/UFAD/ymahmud/bnn_fcc_contest/rtl/compute_layer.sv:118]
INFO: [Synth 8-4471] merging register 'chunk_cnt_reg[3:0]' into 'chunk_cnt_reg[3:0]' [/ecel/UFAD/ymahmud/bnn_fcc_contest/rtl/compute_layer.sv:118]
INFO: [Synth 8-4471] merging register 'chunk_cnt_reg[3:0]' into 'chunk_cnt_reg[3:0]' [/ecel/UFAD/ymahmud/bnn_fcc_contest/rtl/compute_layer.sv:118]
INFO: [Synth 8-4471] merging register 'chunk_cnt_reg[3:0]' into 'chunk_cnt_reg[3:0]' [/ecel/UFAD/ymahmud/bnn_fcc_contest/rtl/compute_layer.sv:118]
INFO: [Synth 8-4471] merging register 'chunk_cnt_reg[3:0]' into 'chunk_cnt_reg[3:0]' [/ecel/UFAD/ymahmud/bnn_fcc_contest/rtl/compute_layer.sv:118]
INFO: [Synth 8-4471] merging register 'chunk_cnt_reg[3:0]' into 'chunk_cnt_reg[3:0]' [/ecel/UFAD/ymahmud/bnn_fcc_contest/rtl/compute_layer.sv:118]
INFO: [Synth 8-4471] merging register 'chunk_cnt_reg[3:0]' into 'chunk_cnt_reg[3:0]' [/ecel/UFAD/ymahmud/bnn_fcc_contest/rtl/compute_layer.sv:118]
INFO: [Synth 8-4471] merging register 'chunk_cnt_reg[3:0]' into 'chunk_cnt_reg[3:0]' [/ecel/UFAD/ymahmud/bnn_fcc_contest/rtl/compute_layer.sv:118]
INFO: [Synth 8-4471] merging register 'chunk_cnt_reg[3:0]' into 'chunk_cnt_reg[3:0]' [/ecel/UFAD/ymahmud/bnn_fcc_contest/rtl/compute_layer.sv:118]
INFO: [Synth 8-4471] merging register 'chunk_cnt_reg[3:0]' into 'chunk_cnt_reg[3:0]' [/ecel/UFAD/ymahmud/bnn_fcc_contest/rtl/compute_layer.sv:118]
INFO: [Synth 8-4471] merging register 'chunk_cnt_reg[3:0]' into 'chunk_cnt_reg[3:0]' [/ecel/UFAD/ymahmud/bnn_fcc_contest/rtl/compute_layer.sv:118]
INFO: [Synth 8-4471] merging register 'chunk_cnt_reg[3:0]' into 'chunk_cnt_reg[3:0]' [/ecel/UFAD/ymahmud/bnn_fcc_contest/rtl/compute_layer.sv:118]
INFO: [Synth 8-3333] propagating constant 0 across sequential element (\out_data_reg_reg[7] )
INFO: [Synth 8-6904] The RAM "\gen_layers[3].mem_inst/gen_weight_ports[9].mem_weights_hi_reg " of size (depth=40 x width=64) is automatically implemented using LUTRAM. BRAM implementation would be inefficient 
INFO: [Synth 8-6904] The RAM "\gen_layers[3].mem_inst/gen_weight_ports[9].mem_weights_lo_reg " of size (depth=40 x width=64) is automatically implemented using LUTRAM. BRAM implementation would be inefficient 
INFO: [Synth 8-6904] The RAM "\gen_layers[3].mem_inst/gen_weight_ports[8].mem_weights_hi_reg " of size (depth=40 x width=64) is automatically implemented using LUTRAM. BRAM implementation would be inefficient 
INFO: [Synth 8-6904] The RAM "\gen_layers[3].mem_inst/gen_weight_ports[8].mem_weights_lo_reg " of size (depth=40 x width=64) is automatically implemented using LUTRAM. BRAM implementation would be inefficient 
INFO: [Synth 8-6904] The RAM "\gen_layers[3].mem_inst/gen_weight_ports[7].mem_weights_hi_reg " of size (depth=40 x width=64) is automatically implemented using LUTRAM. BRAM implementation would be inefficient 
INFO: [Synth 8-6904] The RAM "\gen_layers[3].mem_inst/gen_weight_ports[7].mem_weights_lo_reg " of size (depth=40 x width=64) is automatically implemented using LUTRAM. BRAM implementation would be inefficient 
INFO: [Synth 8-6904] The RAM "\gen_layers[3].mem_inst/gen_weight_ports[6].mem_weights_hi_reg " of size (depth=40 x width=64) is automatically implemented using LUTRAM. BRAM implementation would be inefficient 
INFO: [Synth 8-6904] The RAM "\gen_layers[3].mem_inst/gen_weight_ports[6].mem_weights_lo_reg " of size (depth=40 x width=64) is automatically implemented using LUTRAM. BRAM implementation would be inefficient 
INFO: [Synth 8-6904] The RAM "\gen_layers[3].mem_inst/gen_weight_ports[5].mem_weights_hi_reg " of size (depth=40 x width=64) is automatically implemented using LUTRAM. BRAM implementation would be inefficient 
INFO: [Synth 8-6904] The RAM "\gen_layers[3].mem_inst/gen_weight_ports[5].mem_weights_lo_reg " of size (depth=40 x width=64) is automatically implemented using LUTRAM. BRAM implementation would be inefficient 
INFO: [Synth 8-6904] The RAM "\gen_layers[3].mem_inst/gen_weight_ports[4].mem_weights_hi_reg " of size (depth=40 x width=64) is automatically implemented using LUTRAM. BRAM implementation would be inefficient 
INFO: [Synth 8-6904] The RAM "\gen_layers[3].mem_inst/gen_weight_ports[4].mem_weights_lo_reg " of size (depth=40 x width=64) is automatically implemented using LUTRAM. BRAM implementation would be inefficient 
INFO: [Synth 8-6904] The RAM "\gen_layers[3].mem_inst/gen_weight_ports[3].mem_weights_hi_reg " of size (depth=40 x width=64) is automatically implemented using LUTRAM. BRAM implementation would be inefficient 
INFO: [Synth 8-6904] The RAM "\gen_layers[3].mem_inst/gen_weight_ports[3].mem_weights_lo_reg " of size (depth=40 x width=64) is automatically implemented using LUTRAM. BRAM implementation would be inefficient 
INFO: [Synth 8-6904] The RAM "\gen_layers[3].mem_inst/gen_weight_ports[2].mem_weights_hi_reg " of size (depth=40 x width=64) is automatically implemented using LUTRAM. BRAM implementation would be inefficient 
INFO: [Synth 8-6904] The RAM "\gen_layers[3].mem_inst/gen_weight_ports[2].mem_weights_lo_reg " of size (depth=40 x width=64) is automatically implemented using LUTRAM. BRAM implementation would be inefficient 
INFO: [Synth 8-6904] The RAM "\gen_layers[3].mem_inst/gen_weight_ports[1].mem_weights_hi_reg " of size (depth=40 x width=64) is automatically implemented using LUTRAM. BRAM implementation would be inefficient 
INFO: [Synth 8-6904] The RAM "\gen_layers[3].mem_inst/gen_weight_ports[1].mem_weights_lo_reg " of size (depth=40 x width=64) is automatically implemented using LUTRAM. BRAM implementation would be inefficient 
INFO: [Synth 8-6904] The RAM "\gen_layers[3].mem_inst/gen_weight_ports[0].mem_weights_hi_reg " of size (depth=40 x width=64) is automatically implemented using LUTRAM. BRAM implementation would be inefficient 
INFO: [Synth 8-6904] The RAM "\gen_layers[3].mem_inst/gen_weight_ports[0].mem_weights_lo_reg " of size (depth=40 x width=64) is automatically implemented using LUTRAM. BRAM implementation would be inefficient 
INFO: [Synth 8-6904] The RAM "\gen_layers[3].mem_inst/gen_weight_ports[9].mem_weights_hi_reg " of size (depth=40 x width=64) is automatically implemented using LUTRAM. BRAM implementation would be inefficient 
INFO: [Synth 8-6904] The RAM "\gen_layers[3].mem_inst/gen_weight_ports[9].mem_weights_lo_reg " of size (depth=40 x width=64) is automatically implemented using LUTRAM. BRAM implementation would be inefficient 
INFO: [Synth 8-6904] The RAM "\gen_layers[3].mem_inst/gen_weight_ports[8].mem_weights_hi_reg " of size (depth=40 x width=64) is automatically implemented using LUTRAM. BRAM implementation would be inefficient 
INFO: [Synth 8-6904] The RAM "\gen_layers[3].mem_inst/gen_weight_ports[8].mem_weights_lo_reg " of size (depth=40 x width=64) is automatically implemented using LUTRAM. BRAM implementation would be inefficient 
INFO: [Synth 8-6904] The RAM "\gen_layers[3].mem_inst/gen_weight_ports[7].mem_weights_hi_reg " of size (depth=40 x width=64) is automatically implemented using LUTRAM. BRAM implementation would be inefficient 
INFO: [Synth 8-6904] The RAM "\gen_layers[3].mem_inst/gen_weight_ports[7].mem_weights_lo_reg " of size (depth=40 x width=64) is automatically implemented using LUTRAM. BRAM implementation would be inefficient 
INFO: [Synth 8-6904] The RAM "\gen_layers[3].mem_inst/gen_weight_ports[6].mem_weights_hi_reg " of size (depth=40 x width=64) is automatically implemented using LUTRAM. BRAM implementation would be inefficient 
INFO: [Synth 8-6904] The RAM "\gen_layers[3].mem_inst/gen_weight_ports[6].mem_weights_lo_reg " of size (depth=40 x width=64) is automatically implemented using LUTRAM. BRAM implementation would be inefficient 
INFO: [Synth 8-6904] The RAM "\gen_layers[3].mem_inst/gen_weight_ports[5].mem_weights_hi_reg " of size (depth=40 x width=64) is automatically implemented using LUTRAM. BRAM implementation would be inefficient 
INFO: [Synth 8-6904] The RAM "\gen_layers[3].mem_inst/gen_weight_ports[5].mem_weights_lo_reg " of size (depth=40 x width=64) is automatically implemented using LUTRAM. BRAM implementation would be inefficient 
INFO: [Synth 8-6904] The RAM "\gen_layers[3].mem_inst/gen_weight_ports[4].mem_weights_hi_reg " of size (depth=40 x width=64) is automatically implemented using LUTRAM. BRAM implementation would be inefficient 
INFO: [Synth 8-6904] The RAM "\gen_layers[3].mem_inst/gen_weight_ports[4].mem_weights_lo_reg " of size (depth=40 x width=64) is automatically implemented using LUTRAM. BRAM implementation would be inefficient 
INFO: [Synth 8-6904] The RAM "\gen_layers[3].mem_inst/gen_weight_ports[3].mem_weights_hi_reg " of size (depth=40 x width=64) is automatically implemented using LUTRAM. BRAM implementation would be inefficient 
INFO: [Synth 8-6904] The RAM "\gen_layers[3].mem_inst/gen_weight_ports[3].mem_weights_lo_reg " of size (depth=40 x width=64) is automatically implemented using LUTRAM. BRAM implementation would be inefficient 
INFO: [Synth 8-6904] The RAM "\gen_layers[3].mem_inst/gen_weight_ports[2].mem_weights_hi_reg " of size (depth=40 x width=64) is automatically implemented using LUTRAM. BRAM implementation would be inefficient 
INFO: [Synth 8-6904] The RAM "\gen_layers[3].mem_inst/gen_weight_ports[2].mem_weights_lo_reg " of size (depth=40 x width=64) is automatically implemented using LUTRAM. BRAM implementation would be inefficient 
INFO: [Synth 8-6904] The RAM "\gen_layers[3].mem_inst/gen_weight_ports[1].mem_weights_hi_reg " of size (depth=40 x width=64) is automatically implemented using LUTRAM. BRAM implementation would be inefficient 
INFO: [Synth 8-6904] The RAM "\gen_layers[3].mem_inst/gen_weight_ports[1].mem_weights_lo_reg " of size (depth=40 x width=64) is automatically implemented using LUTRAM. BRAM implementation would be inefficient 
INFO: [Synth 8-6904] The RAM "\gen_layers[3].mem_inst/gen_weight_ports[0].mem_weights_hi_reg " of size (depth=40 x width=64) is automatically implemented using LUTRAM. BRAM implementation would be inefficient 
INFO: [Synth 8-6904] The RAM "\gen_layers[3].mem_inst/gen_weight_ports[0].mem_weights_lo_reg " of size (depth=40 x width=64) is automatically implemented using LUTRAM. BRAM implementation would be inefficient 
INFO: [Synth 8-3333] propagating constant 0 across sequential element (\gen_layers[3].mem_inst /\gen_weight_ports[0].weight_bit_offset_issue_reg[0][0] )
INFO: [Synth 8-3333] propagating constant 0 across sequential element (\config_parser_inst/payload_last_addr_reg[29] )
INFO: [Synth 8-3333] propagating constant 0 across sequential element (\gen_layers[3].mem_inst /\gen_weight_ports[0].bit_offset_q_reg[0][0] )
---------------------------------------------------------------------------------
Finished Cross Boundary and Area Optimization : Time (s): cpu = 00:01:16 ; elapsed = 00:01:58 . Memory (MB): peak = 3903.992 ; gain = 668.012 ; free physical = 5129 ; free virtual = 67355
---------------------------------------------------------------------------------
WARNING: [Synth 8-6057] Memory: "gen_weight_ports[4].mem_weights_lo_reg" defined in module: "layer_memory__GB0" implemented as Ultra-Ram has no pipeline registers. It is recommended to use pipeline registers to achieve high performance.
WARNING: [Synth 8-6057] Memory: "gen_weight_ports[3].mem_weights_hi_reg" defined in module: "layer_memory__GB0" implemented as Ultra-Ram has no pipeline registers. It is recommended to use pipeline registers to achieve high performance.
WARNING: [Synth 8-6057] Memory: "gen_weight_ports[3].mem_weights_lo_reg" defined in module: "layer_memory__GB0" implemented as Ultra-Ram has no pipeline registers. It is recommended to use pipeline registers to achieve high performance.
WARNING: [Synth 8-6057] Memory: "gen_weight_ports[2].mem_weights_hi_reg" defined in module: "layer_memory__GB0" implemented as Ultra-Ram has no pipeline registers. It is recommended to use pipeline registers to achieve high performance.
WARNING: [Synth 8-6057] Memory: "gen_weight_ports[2].mem_weights_lo_reg" defined in module: "layer_memory__GB0" implemented as Ultra-Ram has no pipeline registers. It is recommended to use pipeline registers to achieve high performance.
WARNING: [Synth 8-6057] Memory: "gen_weight_ports[1].mem_weights_hi_reg" defined in module: "layer_memory__GB0" implemented as Ultra-Ram has no pipeline registers. It is recommended to use pipeline registers to achieve high performance.
WARNING: [Synth 8-6057] Memory: "gen_weight_ports[1].mem_weights_lo_reg" defined in module: "layer_memory__GB0" implemented as Ultra-Ram has no pipeline registers. It is recommended to use pipeline registers to achieve high performance.
WARNING: [Synth 8-6057] Memory: "gen_weight_ports[0].mem_weights_lo_reg" defined in module: "layer_memory__GB0" implemented as Ultra-Ram has no pipeline registers. It is recommended to use pipeline registers to achieve high performance.
WARNING: [Synth 8-6057] Memory: "gen_weight_ports[7].mem_weights_lo_reg" defined in module: "layer_memory__GB1" implemented as Ultra-Ram has no pipeline registers. It is recommended to use pipeline registers to achieve high performance.
WARNING: [Synth 8-6057] Memory: "gen_weight_ports[7].mem_weights_hi_reg" defined in module: "layer_memory__GB1" implemented as Ultra-Ram has no pipeline registers. It is recommended to use pipeline registers to achieve high performance.
WARNING: [Synth 8-6057] Memory: "gen_weight_ports[6].mem_weights_lo_reg" defined in module: "layer_memory__GB2" implemented as Ultra-Ram has no pipeline registers. It is recommended to use pipeline registers to achieve high performance.
WARNING: [Synth 8-6057] Memory: "gen_weight_ports[6].mem_weights_hi_reg" defined in module: "layer_memory__GB2" implemented as Ultra-Ram has no pipeline registers. It is recommended to use pipeline registers to achieve high performance.
WARNING: [Synth 8-6057] Memory: "gen_weight_ports[5].mem_weights_lo_reg" defined in module: "layer_memory__GB3" implemented as Ultra-Ram has no pipeline registers. It is recommended to use pipeline registers to achieve high performance.
WARNING: [Synth 8-6057] Memory: "gen_weight_ports[5].mem_weights_hi_reg" defined in module: "layer_memory__GB3" implemented as Ultra-Ram has no pipeline registers. It is recommended to use pipeline registers to achieve high performance.
---------------------------------------------------------------------------------
Start ROM, RAM, DSP, Shift Register and Retiming Reporting
---------------------------------------------------------------------------------

Ultra RAM: Preliminary Mapping Report (see note below)
+------------------+----------------------------------------+------------------------+---+---+------------------------+---+---+------------------+---------+--------------+--------------------------+-------------+
|Module Name       | RTL Object                             | PORT A (Depth x Width) | W | R | PORT B (Depth x Width) | W | R | Ports driving FF | URAM288 | Matrix Shape | FF provided for Pipeline | FF absorbed | 
+------------------+----------------------------------------+------------------------+---+---+------------------------+---+---+------------------+---------+--------------+--------------------------+-------------+
|layer_memory__GB0 | gen_weight_ports[4].mem_weights_lo_reg | 3 K x 64               |   | R | 3 K x 64               | W |   | Port A and B     | 1       | 1x1          | 0                        | 0           | 
|layer_memory__GB0 | gen_weight_ports[3].mem_weights_hi_reg | 3 K x 64               |   | R | 3 K x 64               | W |   | Port A and B     | 1       | 1x1          | 0                        | 0           | 
|layer_memory__GB0 | gen_weight_ports[3].mem_weights_lo_reg | 3 K x 64               |   | R | 3 K x 64               | W |   | Port A and B     | 1       | 1x1          | 0                        | 0           | 
|layer_memory__GB0 | gen_weight_ports[2].mem_weights_hi_reg | 3 K x 64               |   | R | 3 K x 64               | W |   | Port A and B     | 1       | 1x1          | 0                        | 0           | 
|layer_memory__GB0 | gen_weight_ports[2].mem_weights_lo_reg | 3 K x 64               |   | R | 3 K x 64               | W |   | Port A and B     | 1       | 1x1          | 0                        | 0           | 
|layer_memory__GB0 | gen_weight_ports[1].mem_weights_hi_reg | 3 K x 64               |   | R | 3 K x 64               | W |   | Port A and B     | 1       | 1x1          | 0                        | 0           | 
|layer_memory__GB0 | gen_weight_ports[1].mem_weights_lo_reg | 3 K x 64               |   | R | 3 K x 64               | W |   | Port A and B     | 1       | 1x1          | 0                        | 0           | 
|layer_memory__GB0 | gen_weight_ports[0].mem_weights_lo_reg | 3 K x 64               |   | R | 3 K x 64               | W |   | Port A and B     | 1       | 1x1          | 0                        | 0           | 
|layer_memory__GB1 | gen_weight_ports[7].mem_weights_lo_reg | 3 K x 64               |   | R | 3 K x 64               | W |   | Port A and B     | 1       | 1x1          | 0                        | 0           | 
|layer_memory__GB1 | gen_weight_ports[7].mem_weights_hi_reg | 3 K x 64               |   | R | 3 K x 64               | W |   | Port A and B     | 1       | 1x1          | 0                        | 0           | 
|layer_memory__GB2 | gen_weight_ports[6].mem_weights_lo_reg | 3 K x 64               |   | R | 3 K x 64               | W |   | Port A and B     | 1       | 1x1          | 0                        | 0           | 
|layer_memory__GB2 | gen_weight_ports[6].mem_weights_hi_reg | 3 K x 64               |   | R | 3 K x 64               | W |   | Port A and B     | 1       | 1x1          | 0                        | 0           | 
|layer_memory__GB3 | gen_weight_ports[5].mem_weights_lo_reg | 3 K x 64               |   | R | 3 K x 64               | W |   | Port A and B     | 1       | 1x1          | 0                        | 0           | 
|layer_memory__GB3 | gen_weight_ports[5].mem_weights_hi_reg | 3 K x 64               |   | R | 3 K x 64               | W |   | Port A and B     | 1       | 1x1          | 0                        | 0           | 
+------------------+----------------------------------------+------------------------+---+---+------------------------+---+---+------------------+---------+--------------+--------------------------+-------------+

Note: The table above is a preliminary report that shows the Ultra RAMs at the current stage of the synthesis flow. Some Ultra RAMs may be reimplemented as non Ultra RAM primitives later in the synthesis flow. Multiple instantiated Ultra RAMs are reported only once. Fields "FF provided for Pipeline" and "FF absorbed" respectively indicate number of registers available for pipelining and number of registers absorbed in the URAM matrix for pipelining. 

Block RAM: Preliminary Mapping Report (see note below)
+----------------------------------+----------------------------------------+------------------------+---+---+------------------------+---+---+------------------+--------+--------+-----------------+
|Module Name                       | RTL Object                             | PORT A (Depth x Width) | W | R | PORT B (Depth x Width) | W | R | Ports driving FF | RAMB18 | RAMB36 | Cascade Heights | 
+----------------------------------+----------------------------------------+------------------------+---+---+------------------------+---+---+------------------+--------+--------+-----------------+
|layer_memory__parameterized0__GB0 | gen_weight_ports[7].mem_weights_lo_reg | 1 K x 64(READ_FIRST)   | W |   | 1 K x 64(WRITE_FIRST)  |   | R | Port A and B     | 0      | 2      | 1,1             | 
|layer_memory__parameterized0__GB0 | gen_weight_ports[6].mem_weights_lo_reg | 1 K x 64(READ_FIRST)   | W |   | 1 K x 64(WRITE_FIRST)  |   | R | Port A and B     | 0      | 2      | 1,1             | 
|layer_memory__parameterized0__GB0 | gen_weight_ports[5].mem_weights_lo_reg | 1 K x 64(READ_FIRST)   | W |   | 1 K x 64(WRITE_FIRST)  |   | R | Port A and B     | 0      | 2      | 1,1             | 
|layer_memory__parameterized0__GB0 | gen_weight_ports[4].mem_weights_lo_reg | 1 K x 64(READ_FIRST)   | W |   | 1 K x 64(WRITE_FIRST)  |   | R | Port A and B     | 0      | 2      | 1,1             | 
|layer_memory__parameterized0__GB0 | gen_weight_ports[0].mem_weights_lo_reg | 1 K x 64(READ_FIRST)   | W |   | 1 K x 64(WRITE_FIRST)  |   | R | Port A and B     | 0      | 2      | 1,1             | 
|layer_memory__parameterized0__GB1 | gen_weight_ports[1].mem_weights_lo_reg | 1 K x 64(READ_FIRST)   | W |   | 1 K x 64(WRITE_FIRST)  |   | R | Port A and B     | 0      | 2      | 1,1             | 
|layer_memory__parameterized0__GB1 | gen_weight_ports[1].mem_weights_hi_reg | 1 K x 64(READ_FIRST)   | W |   | 1 K x 64(WRITE_FIRST)  |   | R | Port A and B     | 0      | 2      | 1,1             | 
|layer_memory__parameterized0__GB2 | gen_weight_ports[3].mem_weights_lo_reg | 1 K x 64(READ_FIRST)   | W |   | 1 K x 64(WRITE_FIRST)  |   | R | Port A and B     | 0      | 2      | 1,1             | 
|layer_memory__parameterized0__GB2 | gen_weight_ports[3].mem_weights_hi_reg | 1 K x 64(READ_FIRST)   | W |   | 1 K x 64(WRITE_FIRST)  |   | R | Port A and B     | 0      | 2      | 1,1             | 
|layer_memory__parameterized0__GB3 | gen_weight_ports[2].mem_weights_lo_reg | 1 K x 64(READ_FIRST)   | W |   | 1 K x 64(WRITE_FIRST)  |   | R | Port A and B     | 0      | 2      | 1,1             | 
|layer_memory__parameterized0__GB3 | gen_weight_ports[2].mem_weights_hi_reg | 1 K x 64(READ_FIRST)   | W |   | 1 K x 64(WRITE_FIRST)  |   | R | Port A and B     | 0      | 2      | 1,1             | 
+----------------------------------+----------------------------------------+------------------------+---+---+------------------------+---+---+------------------+--------+--------+-----------------+

Note: The table above is a preliminary report that shows the Block RAMs at the current stage of the synthesis flow. Some Block RAMs may be reimplemented as non Block RAM primitives later in the synthesis flow. Multiple instantiated Block RAMs are reported only once. 

Distributed RAM: Preliminary Mapping Report (see note below)
+----------------------------------+----------------------------------------+----------------+----------------------+------------------+
|Module Name                       | RTL Object                             | Inference      | Size (Depth x Width) | Primitives       | 
+----------------------------------+----------------------------------------+----------------+----------------------+------------------+
|layer_memory__GB0                 | threshold_mem_reg                      | User Attribute | 128 x 64             | RAM128X1D x 512  | 
|layer_memory__parameterized0__GB0 | threshold_mem_reg                      | User Attribute | 128 x 64             | RAM128X1D x 512  | 
|\gen_layers[3].mem_inst           | gen_weight_ports[9].mem_weights_lo_reg | Implied        | 64 x 64              | RAM64M8 x 10     | 
|\gen_layers[3].mem_inst           | gen_weight_ports[8].mem_weights_lo_reg | Implied        | 64 x 64              | RAM64M8 x 10     | 
|\gen_layers[3].mem_inst           | gen_weight_ports[7].mem_weights_lo_reg | Implied        | 64 x 64              | RAM64M8 x 10     | 
|\gen_layers[3].mem_inst           | gen_weight_ports[6].mem_weights_lo_reg | Implied        | 64 x 64              | RAM64M8 x 10     | 
|\gen_layers[3].mem_inst           | gen_weight_ports[5].mem_weights_lo_reg | Implied        | 64 x 64              | RAM64M8 x 10     | 
|\gen_layers[3].mem_inst           | gen_weight_ports[4].mem_weights_lo_reg | Implied        | 64 x 64              | RAM64M8 x 10     | 
|\gen_layers[3].mem_inst           | gen_weight_ports[3].mem_weights_lo_reg | Implied        | 64 x 64              | RAM64M8 x 10     | 
|\gen_layers[3].mem_inst           | gen_weight_ports[2].mem_weights_lo_reg | Implied        | 64 x 64              | RAM64M8 x 10     | 
|\gen_layers[3].mem_inst           | gen_weight_ports[1].mem_weights_lo_reg | Implied        | 64 x 64              | RAM64M8 x 10     | 
|\gen_layers[3].mem_inst           | gen_weight_ports[0].mem_weights_lo_reg | Implied        | 64 x 64              | RAM64M8 x 10     | 
|\gen_layers[3].mem_inst           | threshold_mem_reg                      | User Attribute | 8 x 64               | RAM16X1D x 640   | 
+----------------------------------+----------------------------------------+----------------+----------------------+------------------+

Note: The table above is a preliminary report that shows the Distributed RAMs at the current stage of the synthesis flow. Some Distributed RAMs may be reimplemented as non Distributed RAM primitives later in the synthesis flow. Multiple instantiated RAMs are reported only once.
---------------------------------------------------------------------------------
Finished ROM, RAM, DSP, Shift Register and Retiming Reporting
---------------------------------------------------------------------------------
---------------------------------------------------------------------------------
Start Applying XDC Timing Constraints
---------------------------------------------------------------------------------
---------------------------------------------------------------------------------
Finished Applying XDC Timing Constraints : Time (s): cpu = 00:01:26 ; elapsed = 00:02:10 . Memory (MB): peak = 4111.664 ; gain = 875.684 ; free physical = 4441 ; free virtual = 66685
---------------------------------------------------------------------------------
---------------------------------------------------------------------------------
Start Timing Optimization
---------------------------------------------------------------------------------
INFO: [Synth 8-5556] The block RAM "bnn_fcc_timing/gen_weight_ports[1].mem_weights_lo_reg" may be mapped as a cascade chain, because it is not timing critical.
RAM ("bnn_fcc_timing/gen_weight_ports[1].mem_weights_lo_reg") is too shallow (depth = 1024) to use URAM. Choosing BRAM instead of URAM 
INFO: [Synth 8-7030] Implemented Non-Cascaded Block Ram (cascade_height = 1) of width 36 for RAM "bnn_fcc_timing/gen_weight_ports[1].mem_weights_lo_reg"
INFO: [Synth 8-7030] Implemented Non-Cascaded Block Ram (cascade_height = 1) of width 28 for RAM "bnn_fcc_timing/gen_weight_ports[1].mem_weights_lo_reg"
INFO: [Synth 8-5556] The block RAM "bnn_fcc_timing/gen_weight_ports[2].mem_weights_lo_reg" may be mapped as a cascade chain, because it is not timing critical.
RAM ("bnn_fcc_timing/gen_weight_ports[2].mem_weights_lo_reg") is too shallow (depth = 1024) to use URAM. Choosing BRAM instead of URAM 
INFO: [Synth 8-7030] Implemented Non-Cascaded Block Ram (cascade_height = 1) of width 36 for RAM "bnn_fcc_timing/gen_weight_ports[2].mem_weights_lo_reg"
INFO: [Synth 8-7030] Implemented Non-Cascaded Block Ram (cascade_height = 1) of width 28 for RAM "bnn_fcc_timing/gen_weight_ports[2].mem_weights_lo_reg"
INFO: [Synth 8-5556] The block RAM "bnn_fcc_timing/gen_weight_ports[3].mem_weights_lo_reg" may be mapped as a cascade chain, because it is not timing critical.
RAM ("bnn_fcc_timing/gen_weight_ports[3].mem_weights_lo_reg") is too shallow (depth = 1024) to use URAM. Choosing BRAM instead of URAM 
INFO: [Synth 8-7030] Implemented Non-Cascaded Block Ram (cascade_height = 1) of width 36 for RAM "bnn_fcc_timing/gen_weight_ports[3].mem_weights_lo_reg"
INFO: [Synth 8-7030] Implemented Non-Cascaded Block Ram (cascade_height = 1) of width 28 for RAM "bnn_fcc_timing/gen_weight_ports[3].mem_weights_lo_reg"
INFO: [Synth 8-5556] The block RAM "bnn_fcc_timing/gen_weight_ports[7].mem_weights_lo_reg" may be mapped as a cascade chain, because it is not timing critical.
RAM ("bnn_fcc_timing/gen_weight_ports[7].mem_weights_lo_reg") is too shallow (depth = 1024) to use URAM. Choosing BRAM instead of URAM 
INFO: [Synth 8-7030] Implemented Non-Cascaded Block Ram (cascade_height = 1) of width 36 for RAM "bnn_fcc_timing/gen_weight_ports[7].mem_weights_lo_reg"
INFO: [Synth 8-7030] Implemented Non-Cascaded Block Ram (cascade_height = 1) of width 28 for RAM "bnn_fcc_timing/gen_weight_ports[7].mem_weights_lo_reg"
INFO: [Synth 8-5556] The block RAM "bnn_fcc_timing/gen_weight_ports[6].mem_weights_lo_reg" may be mapped as a cascade chain, because it is not timing critical.
RAM ("bnn_fcc_timing/gen_weight_ports[6].mem_weights_lo_reg") is too shallow (depth = 1024) to use URAM. Choosing BRAM instead of URAM 
INFO: [Synth 8-7030] Implemented Non-Cascaded Block Ram (cascade_height = 1) of width 36 for RAM "bnn_fcc_timing/gen_weight_ports[6].mem_weights_lo_reg"
INFO: [Synth 8-7030] Implemented Non-Cascaded Block Ram (cascade_height = 1) of width 28 for RAM "bnn_fcc_timing/gen_weight_ports[6].mem_weights_lo_reg"
INFO: [Synth 8-5556] The block RAM "bnn_fcc_timing/gen_weight_ports[5].mem_weights_lo_reg" may be mapped as a cascade chain, because it is not timing critical.
RAM ("bnn_fcc_timing/gen_weight_ports[5].mem_weights_lo_reg") is too shallow (depth = 1024) to use URAM. Choosing BRAM instead of URAM 
INFO: [Synth 8-7030] Implemented Non-Cascaded Block Ram (cascade_height = 1) of width 36 for RAM "bnn_fcc_timing/gen_weight_ports[5].mem_weights_lo_reg"
INFO: [Synth 8-7030] Implemented Non-Cascaded Block Ram (cascade_height = 1) of width 28 for RAM "bnn_fcc_timing/gen_weight_ports[5].mem_weights_lo_reg"
INFO: [Synth 8-5556] The block RAM "bnn_fcc_timing/gen_weight_ports[4].mem_weights_lo_reg" may be mapped as a cascade chain, because it is not timing critical.
RAM ("bnn_fcc_timing/gen_weight_ports[4].mem_weights_lo_reg") is too shallow (depth = 1024) to use URAM. Choosing BRAM instead of URAM 
INFO: [Synth 8-7030] Implemented Non-Cascaded Block Ram (cascade_height = 1) of width 36 for RAM "bnn_fcc_timing/gen_weight_ports[4].mem_weights_lo_reg"
INFO: [Synth 8-7030] Implemented Non-Cascaded Block Ram (cascade_height = 1) of width 28 for RAM "bnn_fcc_timing/gen_weight_ports[4].mem_weights_lo_reg"
INFO: [Synth 8-5556] The block RAM "bnn_fcc_timing/gen_weight_ports[0].mem_weights_lo_reg" may be mapped as a cascade chain, because it is not timing critical.
RAM ("bnn_fcc_timing/gen_weight_ports[0].mem_weights_lo_reg") is too shallow (depth = 1024) to use URAM. Choosing BRAM instead of URAM 
INFO: [Synth 8-7030] Implemented Non-Cascaded Block Ram (cascade_height = 1) of width 36 for RAM "bnn_fcc_timing/gen_weight_ports[0].mem_weights_lo_reg"
INFO: [Synth 8-7030] Implemented Non-Cascaded Block Ram (cascade_height = 1) of width 28 for RAM "bnn_fcc_timing/gen_weight_ports[0].mem_weights_lo_reg"
---------------------------------------------------------------------------------
Finished Timing Optimization : Time (s): cpu = 00:01:55 ; elapsed = 00:02:41 . Memory (MB): peak = 4308.367 ; gain = 1072.387 ; free physical = 4337 ; free virtual = 66592
---------------------------------------------------------------------------------
WARNING: [Synth 8-6057] Memory: "gen_weight_ports[7].mem_weights_lo_reg" defined in module: "layer_memory__GB1" implemented as Ultra-Ram has no pipeline registers. It is recommended to use pipeline registers to achieve high performance.
WARNING: [Synth 8-6057] Memory: "gen_weight_ports[7].mem_weights_hi_reg" defined in module: "layer_memory__GB1" implemented as Ultra-Ram has no pipeline registers. It is recommended to use pipeline registers to achieve high performance.
WARNING: [Synth 8-6057] Memory: "gen_weight_ports[6].mem_weights_lo_reg" defined in module: "layer_memory__GB2" implemented as Ultra-Ram has no pipeline registers. It is recommended to use pipeline registers to achieve high performance.
WARNING: [Synth 8-6057] Memory: "gen_weight_ports[6].mem_weights_hi_reg" defined in module: "layer_memory__GB2" implemented as Ultra-Ram has no pipeline registers. It is recommended to use pipeline registers to achieve high performance.
WARNING: [Synth 8-6057] Memory: "gen_weight_ports[4].mem_weights_lo_reg" defined in module: "layer_memory__GB0" implemented as Ultra-Ram has no pipeline registers. It is recommended to use pipeline registers to achieve high performance.
WARNING: [Synth 8-6057] Memory: "gen_weight_ports[3].mem_weights_hi_reg" defined in module: "layer_memory__GB0" implemented as Ultra-Ram has no pipeline registers. It is recommended to use pipeline registers to achieve high performance.
WARNING: [Synth 8-6057] Memory: "gen_weight_ports[3].mem_weights_lo_reg" defined in module: "layer_memory__GB0" implemented as Ultra-Ram has no pipeline registers. It is recommended to use pipeline registers to achieve high performance.
WARNING: [Synth 8-6057] Memory: "gen_weight_ports[2].mem_weights_hi_reg" defined in module: "layer_memory__GB0" implemented as Ultra-Ram has no pipeline registers. It is recommended to use pipeline registers to achieve high performance.
WARNING: [Synth 8-6057] Memory: "gen_weight_ports[2].mem_weights_lo_reg" defined in module: "layer_memory__GB0" implemented as Ultra-Ram has no pipeline registers. It is recommended to use pipeline registers to achieve high performance.
WARNING: [Synth 8-6057] Memory: "gen_weight_ports[1].mem_weights_hi_reg" defined in module: "layer_memory__GB0" implemented as Ultra-Ram has no pipeline registers. It is recommended to use pipeline registers to achieve high performance.
WARNING: [Synth 8-6057] Memory: "gen_weight_ports[1].mem_weights_lo_reg" defined in module: "layer_memory__GB0" implemented as Ultra-Ram has no pipeline registers. It is recommended to use pipeline registers to achieve high performance.
WARNING: [Synth 8-6057] Memory: "gen_weight_ports[0].mem_weights_lo_reg" defined in module: "layer_memory__GB0" implemented as Ultra-Ram has no pipeline registers. It is recommended to use pipeline registers to achieve high performance.
WARNING: [Synth 8-6057] Memory: "gen_weight_ports[5].mem_weights_lo_reg" defined in module: "layer_memory__GB3" implemented as Ultra-Ram has no pipeline registers. It is recommended to use pipeline registers to achieve high performance.
WARNING: [Synth 8-6057] Memory: "gen_weight_ports[5].mem_weights_hi_reg" defined in module: "layer_memory__GB3" implemented as Ultra-Ram has no pipeline registers. It is recommended to use pipeline registers to achieve high performance.
---------------------------------------------------------------------------------
Start ROM, RAM, DSP, Shift Register and Retiming Reporting
---------------------------------------------------------------------------------

Ultra RAM: Final Mapping Report (see note below)
+------------------+----------------------------------------+------------------------+---+---+------------------------+---+---+------------------+---------+--------------+--------------------------+-------------+
|Module Name       | RTL Object                             | PORT A (Depth x Width) | W | R | PORT B (Depth x Width) | W | R | Ports driving FF | URAM288 | Matrix Shape | FF provided for Pipeline | FF absorbed | 
+------------------+----------------------------------------+------------------------+---+---+------------------------+---+---+------------------+---------+--------------+--------------------------+-------------+
|layer_memory__GB1 | gen_weight_ports[7].mem_weights_lo_reg | 3 K x 64               |   | R | 3 K x 64               | W |   | Port A and B     | 1       | 1x1          | 0                        | 0           | 
|layer_memory__GB1 | gen_weight_ports[7].mem_weights_hi_reg | 3 K x 64               |   | R | 3 K x 64               | W |   | Port A and B     | 1       | 1x1          | 0                        | 0           | 
|layer_memory__GB2 | gen_weight_ports[6].mem_weights_lo_reg | 3 K x 64               |   | R | 3 K x 64               | W |   | Port A and B     | 1       | 1x1          | 0                        | 0           | 
|layer_memory__GB2 | gen_weight_ports[6].mem_weights_hi_reg | 3 K x 64               |   | R | 3 K x 64               | W |   | Port A and B     | 1       | 1x1          | 0                        | 0           | 
|layer_memory__GB0 | gen_weight_ports[4].mem_weights_lo_reg | 3 K x 64               |   | R | 3 K x 64               | W |   | Port A and B     | 1       | 1x1          | 0                        | 0           | 
|layer_memory__GB0 | gen_weight_ports[3].mem_weights_hi_reg | 3 K x 64               |   | R | 3 K x 64               | W |   | Port A and B     | 1       | 1x1          | 0                        | 0           | 
|layer_memory__GB0 | gen_weight_ports[3].mem_weights_lo_reg | 3 K x 64               |   | R | 3 K x 64               | W |   | Port A and B     | 1       | 1x1          | 0                        | 0           | 
|layer_memory__GB0 | gen_weight_ports[2].mem_weights_hi_reg | 3 K x 64               |   | R | 3 K x 64               | W |   | Port A and B     | 1       | 1x1          | 0                        | 0           | 
|layer_memory__GB0 | gen_weight_ports[2].mem_weights_lo_reg | 3 K x 64               |   | R | 3 K x 64               | W |   | Port A and B     | 1       | 1x1          | 0                        | 0           | 
|layer_memory__GB0 | gen_weight_ports[1].mem_weights_hi_reg | 3 K x 64               |   | R | 3 K x 64               | W |   | Port A and B     | 1       | 1x1          | 0                        | 0           | 
|layer_memory__GB0 | gen_weight_ports[1].mem_weights_lo_reg | 3 K x 64               |   | R | 3 K x 64               | W |   | Port A and B     | 1       | 1x1          | 0                        | 0           | 
|layer_memory__GB0 | gen_weight_ports[0].mem_weights_lo_reg | 3 K x 64               |   | R | 3 K x 64               | W |   | Port A and B     | 1       | 1x1          | 0                        | 0           | 
|layer_memory__GB3 | gen_weight_ports[5].mem_weights_lo_reg | 3 K x 64               |   | R | 3 K x 64               | W |   | Port A and B     | 1       | 1x1          | 0                        | 0           | 
|layer_memory__GB3 | gen_weight_ports[5].mem_weights_hi_reg | 3 K x 64               |   | R | 3 K x 64               | W |   | Port A and B     | 1       | 1x1          | 0                        | 0           | 
+------------------+----------------------------------------+------------------------+---+---+------------------------+---+---+------------------+---------+--------------+--------------------------+-------------+


Block RAM: Final Mapping Report
+---------------+----------------------------------------+------------------------+---+---+------------------------+---+---+------------------+--------+--------+-----------------+
|Module Name    | RTL Object                             | PORT A (Depth x Width) | W | R | PORT B (Depth x Width) | W | R | Ports driving FF | RAMB18 | RAMB36 | Cascade Heights | 
+---------------+----------------------------------------+------------------------+---+---+------------------------+---+---+------------------+--------+--------+-----------------+
|bnn_fcc_timing | gen_weight_ports[7].mem_weights_lo_reg | 1 K x 64(READ_FIRST)   | W |   | 1 K x 64(WRITE_FIRST)  |   | R | Port A and B     | 0      | 2      | 1,1             | 
|bnn_fcc_timing | gen_weight_ports[6].mem_weights_lo_reg | 1 K x 64(READ_FIRST)   | W |   | 1 K x 64(WRITE_FIRST)  |   | R | Port A and B     | 0      | 2      | 1,1             | 
|bnn_fcc_timing | gen_weight_ports[5].mem_weights_lo_reg | 1 K x 64(READ_FIRST)   | W |   | 1 K x 64(WRITE_FIRST)  |   | R | Port A and B     | 0      | 2      | 1,1             | 
|bnn_fcc_timing | gen_weight_ports[4].mem_weights_lo_reg | 1 K x 64(READ_FIRST)   | W |   | 1 K x 64(WRITE_FIRST)  |   | R | Port A and B     | 0      | 2      | 1,1             | 
|bnn_fcc_timing | gen_weight_ports[0].mem_weights_lo_reg | 1 K x 64(READ_FIRST)   | W |   | 1 K x 64(WRITE_FIRST)  |   | R | Port A and B     | 0      | 2      | 1,1             | 
|bnn_fcc_timing | gen_weight_ports[1].mem_weights_lo_reg | 1 K x 64(READ_FIRST)   | W |   | 1 K x 64(WRITE_FIRST)  |   | R | Port A and B     | 0      | 2      | 1,1             | 
|bnn_fcc_timing | gen_weight_ports[3].mem_weights_lo_reg | 1 K x 64(READ_FIRST)   | W |   | 1 K x 64(WRITE_FIRST)  |   | R | Port A and B     | 0      | 2      | 1,1             | 
|bnn_fcc_timing | gen_weight_ports[2].mem_weights_lo_reg | 1 K x 64(READ_FIRST)   | W |   | 1 K x 64(WRITE_FIRST)  |   | R | Port A and B     | 0      | 2      | 1,1             | 
+---------------+----------------------------------------+------------------------+---+---+------------------------+---+---+------------------+--------+--------+-----------------+


Distributed RAM: Final Mapping Report
+----------------------------------+----------------------------------------+----------------+----------------------+------------------+
|Module Name                       | RTL Object                             | Inference      | Size (Depth x Width) | Primitives       | 
+----------------------------------+----------------------------------------+----------------+----------------------+------------------+
|layer_memory__parameterized0__GB0 | threshold_mem_reg                      | User Attribute | 128 x 64             | RAM128X1D x 512  | 
|\gen_layers[3].mem_inst           | gen_weight_ports[9].mem_weights_lo_reg | Implied        | 64 x 64              | RAM64M8 x 10     | 
|\gen_layers[3].mem_inst           | gen_weight_ports[8].mem_weights_lo_reg | Implied        | 64 x 64              | RAM64M8 x 10     | 
|\gen_layers[3].mem_inst           | gen_weight_ports[7].mem_weights_lo_reg | Implied        | 64 x 64              | RAM64M8 x 10     | 
|\gen_layers[3].mem_inst           | gen_weight_ports[6].mem_weights_lo_reg | Implied        | 64 x 64              | RAM64M8 x 10     | 
|\gen_layers[3].mem_inst           | gen_weight_ports[5].mem_weights_lo_reg | Implied        | 64 x 64              | RAM64M8 x 10     | 
|\gen_layers[3].mem_inst           | gen_weight_ports[4].mem_weights_lo_reg | Implied        | 64 x 64              | RAM64M8 x 10     | 
|\gen_layers[3].mem_inst           | gen_weight_ports[3].mem_weights_lo_reg | Implied        | 64 x 64              | RAM64M8 x 10     | 
|\gen_layers[3].mem_inst           | gen_weight_ports[2].mem_weights_lo_reg | Implied        | 64 x 64              | RAM64M8 x 10     | 
|\gen_layers[3].mem_inst           | gen_weight_ports[1].mem_weights_lo_reg | Implied        | 64 x 64              | RAM64M8 x 10     | 
|\gen_layers[3].mem_inst           | gen_weight_ports[0].mem_weights_lo_reg | Implied        | 64 x 64              | RAM64M8 x 10     | 
|layer_memory__GB0                 | threshold_mem_reg                      | User Attribute | 128 x 64             | RAM128X1D x 512  | 
+----------------------------------+----------------------------------------+----------------+----------------------+------------------+

---------------------------------------------------------------------------------
Finished ROM, RAM, DSP, Shift Register and Retiming Reporting
---------------------------------------------------------------------------------
---------------------------------------------------------------------------------
Start Technology Mapping
---------------------------------------------------------------------------------
INFO: [Synth 8-7052] The timing for the instance DUTi_2/gen_weight_ports[7].mem_weights_lo_reg_uram_0 (implemented as a Ultra RAM) might be sub-optimal as no optional output register could be merged into the ram block. Providing additional output register may help in improving timing.
INFO: [Synth 8-7052] The timing for the instance DUTi_2/gen_weight_ports[7].mem_weights_hi_reg_uram_0 (implemented as a Ultra RAM) might be sub-optimal as no optional output register could be merged into the ram block. Providing additional output register may help in improving timing.
INFO: [Synth 8-7052] The timing for the instance DUTi_3/gen_weight_ports[6].mem_weights_lo_reg_uram_0 (implemented as a Ultra RAM) might be sub-optimal as no optional output register could be merged into the ram block. Providing additional output register may help in improving timing.
INFO: [Synth 8-7052] The timing for the instance DUTi_3/gen_weight_ports[6].mem_weights_hi_reg_uram_0 (implemented as a Ultra RAM) might be sub-optimal as no optional output register could be merged into the ram block. Providing additional output register may help in improving timing.
INFO: [Synth 8-7052] The timing for the instance gen_layers[2].mem_insti_5/gen_weight_ports[7].mem_weights_lo_reg_bram_0 (implemented as a Block RAM) might be sub-optimal as no optional output register could be merged into the ram block. Providing additional output register may help in improving timing.
INFO: [Synth 8-7052] The timing for the instance gen_layers[2].mem_insti_5/gen_weight_ports[7].mem_weights_lo_reg_bram_1 (implemented as a Block RAM) might be sub-optimal as no optional output register could be merged into the ram block. Providing additional output register may help in improving timing.
INFO: [Synth 8-7052] The timing for the instance gen_layers[2].mem_insti_5/gen_weight_ports[6].mem_weights_lo_reg_bram_0 (implemented as a Block RAM) might be sub-optimal as no optional output register could be merged into the ram block. Providing additional output register may help in improving timing.
INFO: [Synth 8-7052] The timing for the instance gen_layers[2].mem_insti_5/gen_weight_ports[6].mem_weights_lo_reg_bram_1 (implemented as a Block RAM) might be sub-optimal as no optional output register could be merged into the ram block. Providing additional output register may help in improving timing.
INFO: [Synth 8-7052] The timing for the instance gen_layers[2].mem_insti_5/gen_weight_ports[5].mem_weights_lo_reg_bram_0 (implemented as a Block RAM) might be sub-optimal as no optional output register could be merged into the ram block. Providing additional output register may help in improving timing.
INFO: [Synth 8-7052] The timing for the instance gen_layers[2].mem_insti_5/gen_weight_ports[5].mem_weights_lo_reg_bram_1 (implemented as a Block RAM) might be sub-optimal as no optional output register could be merged into the ram block. Providing additional output register may help in improving timing.
INFO: [Synth 8-7052] The timing for the instance gen_layers[2].mem_insti_5/gen_weight_ports[4].mem_weights_lo_reg_bram_0 (implemented as a Block RAM) might be sub-optimal as no optional output register could be merged into the ram block. Providing additional output register may help in improving timing.
INFO: [Synth 8-7052] The timing for the instance gen_layers[2].mem_insti_5/gen_weight_ports[4].mem_weights_lo_reg_bram_1 (implemented as a Block RAM) might be sub-optimal as no optional output register could be merged into the ram block. Providing additional output register may help in improving timing.
INFO: [Synth 8-7052] The timing for the instance gen_layers[2].mem_insti_5/gen_weight_ports[0].mem_weights_lo_reg_bram_0 (implemented as a Block RAM) might be sub-optimal as no optional output register could be merged into the ram block. Providing additional output register may help in improving timing.
INFO: [Synth 8-7052] The timing for the instance gen_layers[2].mem_insti_5/gen_weight_ports[0].mem_weights_lo_reg_bram_1 (implemented as a Block RAM) might be sub-optimal as no optional output register could be merged into the ram block. Providing additional output register may help in improving timing.
INFO: [Synth 8-7052] The timing for the instance gen_layers[2].mem_insti_6/gen_weight_ports[1].mem_weights_lo_reg_bram_0 (implemented as a Block RAM) might be sub-optimal as no optional output register could be merged into the ram block. Providing additional output register may help in improving timing.
INFO: [Synth 8-7052] The timing for the instance gen_layers[2].mem_insti_6/gen_weight_ports[1].mem_weights_lo_reg_bram_1 (implemented as a Block RAM) might be sub-optimal as no optional output register could be merged into the ram block. Providing additional output register may help in improving timing.
INFO: [Synth 8-7052] The timing for the instance gen_layers[2].mem_insti_7/gen_weight_ports[3].mem_weights_lo_reg_bram_0 (implemented as a Block RAM) might be sub-optimal as no optional output register could be merged into the ram block. Providing additional output register may help in improving timing.
INFO: [Synth 8-7052] The timing for the instance gen_layers[2].mem_insti_7/gen_weight_ports[3].mem_weights_lo_reg_bram_1 (implemented as a Block RAM) might be sub-optimal as no optional output register could be merged into the ram block. Providing additional output register may help in improving timing.
INFO: [Synth 8-7052] The timing for the instance gen_layers[2].mem_insti_8/gen_weight_ports[2].mem_weights_lo_reg_bram_0 (implemented as a Block RAM) might be sub-optimal as no optional output register could be merged into the ram block. Providing additional output register may help in improving timing.
INFO: [Synth 8-7052] The timing for the instance gen_layers[2].mem_insti_8/gen_weight_ports[2].mem_weights_lo_reg_bram_1 (implemented as a Block RAM) might be sub-optimal as no optional output register could be merged into the ram block. Providing additional output register may help in improving timing.
INFO: [Common 17-14] Message 'Synth 8-3886' appears 100 times and further instances of the messages will be disabled. Use the Tcl command set_msg_config to change the current settings.
WARNING: [Synth 8-6779] Delay data for wire-load model not found, using default value
WARNING: [Synth 8-6779] Delay data for wire-load model not found, using default value
INFO: [Synth 8-7052] The timing for the instance DUTi_1/DUT/gen_layers[1].mem_inst/gen_weight_ports[4].mem_weights_lo_reg_uram_0 (implemented as a Ultra RAM) might be sub-optimal as no optional output register could be merged into the ram block. Providing additional output register may help in improving timing.
INFO: [Synth 8-7052] The timing for the instance DUTi_1/DUT/gen_layers[1].mem_inst/gen_weight_ports[3].mem_weights_hi_reg_uram_0 (implemented as a Ultra RAM) might be sub-optimal as no optional output register could be merged into the ram block. Providing additional output register may help in improving timing.
INFO: [Synth 8-7052] The timing for the instance DUTi_1/DUT/gen_layers[1].mem_inst/gen_weight_ports[3].mem_weights_lo_reg_uram_0 (implemented as a Ultra RAM) might be sub-optimal as no optional output register could be merged into the ram block. Providing additional output register may help in improving timing.
INFO: [Synth 8-7052] The timing for the instance DUTi_1/DUT/gen_layers[1].mem_inst/gen_weight_ports[2].mem_weights_hi_reg_uram_0 (implemented as a Ultra RAM) might be sub-optimal as no optional output register could be merged into the ram block. Providing additional output register may help in improving timing.
INFO: [Synth 8-7052] The timing for the instance DUTi_1/DUT/gen_layers[1].mem_inst/gen_weight_ports[2].mem_weights_lo_reg_uram_0 (implemented as a Ultra RAM) might be sub-optimal as no optional output register could be merged into the ram block. Providing additional output register may help in improving timing.
INFO: [Synth 8-7052] The timing for the instance DUTi_1/DUT/gen_layers[1].mem_inst/gen_weight_ports[1].mem_weights_hi_reg_uram_0 (implemented as a Ultra RAM) might be sub-optimal as no optional output register could be merged into the ram block. Providing additional output register may help in improving timing.
INFO: [Synth 8-7052] The timing for the instance DUTi_1/DUT/gen_layers[1].mem_inst/gen_weight_ports[1].mem_weights_lo_reg_uram_0 (implemented as a Ultra RAM) might be sub-optimal as no optional output register could be merged into the ram block. Providing additional output register may help in improving timing.
INFO: [Synth 8-7052] The timing for the instance DUTi_1/DUT/gen_layers[1].mem_inst/gen_weight_ports[0].mem_weights_lo_reg_uram_0 (implemented as a Ultra RAM) might be sub-optimal as no optional output register could be merged into the ram block. Providing additional output register may help in improving timing.
INFO: [Synth 8-7052] The timing for the instance DUTi_1/DUT/gen_layers[1].mem_inst/gen_weight_ports[5].mem_weights_lo_reg_uram_0 (implemented as a Ultra RAM) might be sub-optimal as no optional output register could be merged into the ram block. Providing additional output register may help in improving timing.
INFO: [Synth 8-7052] The timing for the instance DUTi_1/DUT/gen_layers[1].mem_inst/gen_weight_ports[5].mem_weights_hi_reg_uram_0 (implemented as a Ultra RAM) might be sub-optimal as no optional output register could be merged into the ram block. Providing additional output register may help in improving timing.
---------------------------------------------------------------------------------
Finished Technology Mapping : Time (s): cpu = 00:02:01 ; elapsed = 00:02:58 . Memory (MB): peak = 4320.293 ; gain = 1084.312 ; free physical = 3928 ; free virtual = 66192
---------------------------------------------------------------------------------
---------------------------------------------------------------------------------
Start IO Insertion
---------------------------------------------------------------------------------
---------------------------------------------------------------------------------
Start Flattening Before IO Insertion
---------------------------------------------------------------------------------
---------------------------------------------------------------------------------
Finished Flattening Before IO Insertion
---------------------------------------------------------------------------------
---------------------------------------------------------------------------------
Start Final Netlist Cleanup
---------------------------------------------------------------------------------
INFO: [Synth 8-7052] The timing for the instance DUT/gen_layers[1].mem_inst/gen_weight_ports[7].mem_weights_lo_reg_uram_0 (implemented as a Ultra RAM) might be sub-optimal as no optional output register could be merged into the ram block. Providing additional output register may help in improving timing.
INFO: [Synth 8-7052] The timing for the instance DUT/gen_layers[1].mem_inst/gen_weight_ports[7].mem_weights_hi_reg_uram_0 (implemented as a Ultra RAM) might be sub-optimal as no optional output register could be merged into the ram block. Providing additional output register may help in improving timing.
INFO: [Synth 8-7052] The timing for the instance DUT/gen_layers[1].mem_inst/gen_weight_ports[6].mem_weights_lo_reg_uram_0 (implemented as a Ultra RAM) might be sub-optimal as no optional output register could be merged into the ram block. Providing additional output register may help in improving timing.
INFO: [Synth 8-7052] The timing for the instance DUT/gen_layers[1].mem_inst/gen_weight_ports[6].mem_weights_hi_reg_uram_0 (implemented as a Ultra RAM) might be sub-optimal as no optional output register could be merged into the ram block. Providing additional output register may help in improving timing.
INFO: [Synth 8-7052] The timing for the instance DUT/gen_layers[1].mem_inst/gen_weight_ports[4].mem_weights_lo_reg_uram_0 (implemented as a Ultra RAM) might be sub-optimal as no optional output register could be merged into the ram block. Providing additional output register may help in improving timing.
INFO: [Synth 8-7052] The timing for the instance DUT/gen_layers[1].mem_inst/gen_weight_ports[3].mem_weights_hi_reg_uram_0 (implemented as a Ultra RAM) might be sub-optimal as no optional output register could be merged into the ram block. Providing additional output register may help in improving timing.
INFO: [Synth 8-7052] The timing for the instance DUT/gen_layers[1].mem_inst/gen_weight_ports[3].mem_weights_lo_reg_uram_0 (implemented as a Ultra RAM) might be sub-optimal as no optional output register could be merged into the ram block. Providing additional output register may help in improving timing.
INFO: [Synth 8-7052] The timing for the instance DUT/gen_layers[1].mem_inst/gen_weight_ports[2].mem_weights_hi_reg_uram_0 (implemented as a Ultra RAM) might be sub-optimal as no optional output register could be merged into the ram block. Providing additional output register may help in improving timing.
INFO: [Synth 8-7052] The timing for the instance DUT/gen_layers[1].mem_inst/gen_weight_ports[2].mem_weights_lo_reg_uram_0 (implemented as a Ultra RAM) might be sub-optimal as no optional output register could be merged into the ram block. Providing additional output register may help in improving timing.
INFO: [Synth 8-7052] The timing for the instance DUT/gen_layers[1].mem_inst/gen_weight_ports[1].mem_weights_hi_reg_uram_0 (implemented as a Ultra RAM) might be sub-optimal as no optional output register could be merged into the ram block. Providing additional output register may help in improving timing.
INFO: [Synth 8-7052] The timing for the instance DUT/gen_layers[1].mem_inst/gen_weight_ports[1].mem_weights_lo_reg_uram_0 (implemented as a Ultra RAM) might be sub-optimal as no optional output register could be merged into the ram block. Providing additional output register may help in improving timing.
INFO: [Synth 8-7052] The timing for the instance DUT/gen_layers[1].mem_inst/gen_weight_ports[0].mem_weights_lo_reg_uram_0 (implemented as a Ultra RAM) might be sub-optimal as no optional output register could be merged into the ram block. Providing additional output register may help in improving timing.
INFO: [Synth 8-7052] The timing for the instance DUT/gen_layers[1].mem_inst/gen_weight_ports[5].mem_weights_lo_reg_uram_0 (implemented as a Ultra RAM) might be sub-optimal as no optional output register could be merged into the ram block. Providing additional output register may help in improving timing.
INFO: [Synth 8-7052] The timing for the instance DUT/gen_layers[1].mem_inst/gen_weight_ports[5].mem_weights_hi_reg_uram_0 (implemented as a Ultra RAM) might be sub-optimal as no optional output register could be merged into the ram block. Providing additional output register may help in improving timing.
---------------------------------------------------------------------------------
Finished Final Netlist Cleanup
---------------------------------------------------------------------------------
---------------------------------------------------------------------------------
Finished IO Insertion : Time (s): cpu = 00:02:07 ; elapsed = 00:03:04 . Memory (MB): peak = 4320.293 ; gain = 1084.312 ; free physical = 3933 ; free virtual = 66234
---------------------------------------------------------------------------------
---------------------------------------------------------------------------------
Start Renaming Generated Instances
---------------------------------------------------------------------------------
---------------------------------------------------------------------------------
Finished Renaming Generated Instances : Time (s): cpu = 00:02:07 ; elapsed = 00:03:04 . Memory (MB): peak = 4320.293 ; gain = 1084.312 ; free physical = 3933 ; free virtual = 66234
---------------------------------------------------------------------------------
WARNING: [Synth 8-6779] Delay data for wire-load model not found, using default value
WARNING: [Synth 8-6779] Delay data for wire-load model not found, using default value
---------------------------------------------------------------------------------
Start Rebuilding User Hierarchy
---------------------------------------------------------------------------------
---------------------------------------------------------------------------------
Finished Rebuilding User Hierarchy : Time (s): cpu = 00:02:08 ; elapsed = 00:03:06 . Memory (MB): peak = 4320.293 ; gain = 1084.312 ; free physical = 3930 ; free virtual = 66232
---------------------------------------------------------------------------------
---------------------------------------------------------------------------------
Start Renaming Generated Ports
---------------------------------------------------------------------------------
---------------------------------------------------------------------------------
Finished Renaming Generated Ports : Time (s): cpu = 00:02:08 ; elapsed = 00:03:06 . Memory (MB): peak = 4320.293 ; gain = 1084.312 ; free physical = 3930 ; free virtual = 66232
---------------------------------------------------------------------------------
---------------------------------------------------------------------------------
Start Handling Custom Attributes
---------------------------------------------------------------------------------
---------------------------------------------------------------------------------
Finished Handling Custom Attributes : Time (s): cpu = 00:02:09 ; elapsed = 00:03:06 . Memory (MB): peak = 4320.293 ; gain = 1084.312 ; free physical = 3929 ; free virtual = 66231
---------------------------------------------------------------------------------
---------------------------------------------------------------------------------
Start Renaming Generated Nets
---------------------------------------------------------------------------------
---------------------------------------------------------------------------------
Finished Renaming Generated Nets : Time (s): cpu = 00:02:09 ; elapsed = 00:03:06 . Memory (MB): peak = 4320.293 ; gain = 1084.312 ; free physical = 3929 ; free virtual = 66231
---------------------------------------------------------------------------------
---------------------------------------------------------------------------------
Start Writing Synthesis Report
---------------------------------------------------------------------------------

Report BlackBoxes: 
+-+--------------+----------+
| |BlackBox name |Instances |
+-+--------------+----------+
+-+--------------+----------+

Report Cell Usage: 
+------+----------+------+
|      |Cell      |Count |
+------+----------+------+
|1     |CARRY8    |    98|
|2     |LUT1      |    39|
|3     |LUT2      |   451|
|4     |LUT3      |  1317|
|5     |LUT4      |   858|
|6     |LUT5      |   974|
|7     |LUT6      |  2829|
|8     |MUXF7     |    16|
|9     |RAM128X1D |   512|
|10    |RAM64M8   |    90|
|11    |RAM64X1D  |    10|
|12    |RAMB36E2  |    16|
|13    |URAM288   |    14|
|14    |FDCE      |  1479|
|15    |FDRE      |  5691|
|16    |FDSE      |     3|
+------+----------+------+
---------------------------------------------------------------------------------
Finished Writing Synthesis Report : Time (s): cpu = 00:02:09 ; elapsed = 00:03:06 . Memory (MB): peak = 4320.293 ; gain = 1084.312 ; free physical = 3929 ; free virtual = 66231
---------------------------------------------------------------------------------
Synthesis finished with 0 errors, 0 critical warnings and 95 warnings.
Synthesis Optimization Runtime : Time (s): cpu = 00:02:04 ; elapsed = 00:02:59 . Memory (MB): peak = 4320.293 ; gain = 886.820 ; free physical = 12101 ; free virtual = 74405
Synthesis Optimization Complete : Time (s): cpu = 00:02:14 ; elapsed = 00:03:08 . Memory (MB): peak = 4320.293 ; gain = 1084.312 ; free physical = 12111 ; free virtual = 74406
INFO: [Project 1-571] Translating synthesized netlist
Netlist sorting complete. Time (s): cpu = 00:00:00.13 ; elapsed = 00:00:00.14 . Memory (MB): peak = 4324.371 ; gain = 0.000 ; free physical = 12104 ; free virtual = 74399
INFO: [Netlist 29-17] Analyzing 726 Unisim elements for replacement
INFO: [Netlist 29-28] Unisim Transformation completed in 0 CPU seconds
INFO: [Project 1-570] Preparing netlist for logic optimization
Parsing XDC File [/ecel/UFAD/ymahmud/bnn_fcc_contest/openflex/build_vivado/vivado.xdc]
INFO: [Vivado 12-4761] HD.CLK_SRC property is set on port clk. The net connecting to the port drives either clock PIN or hierarchical black box. Use the create_clock constraint to create a clock on this port prior to setting HD.CLK_SRC.  [/ecel/UFAD/ymahmud/bnn_fcc_contest/openflex/build_vivado/vivado.xdc:3]
Finished Parsing XDC File [/ecel/UFAD/ymahmud/bnn_fcc_contest/openflex/build_vivado/vivado.xdc]
INFO: [Opt 31-138] Pushed 0 inverter(s) to 0 load pin(s).
Netlist sorting complete. Time (s): cpu = 00:00:00 ; elapsed = 00:00:00.01 . Memory (MB): peak = 4397.965 ; gain = 0.000 ; free physical = 11983 ; free virtual = 74283
INFO: [Project 1-111] Unisim Transformation Summary:
  A total of 612 instances were transformed.
  RAM128X1D => RAM128X1D (MUXF7(x2), RAMD64E(x4)): 512 instances
  RAM64M8 => RAM64M8 (RAMD64E(x8)): 90 instances
  RAM64X1D => RAM64X1D (RAMD64E(x2)): 10 instances

Synth Design complete, checksum: 69a9dba7
INFO: [Common 17-83] Releasing license: Synthesis
529 Infos, 222 Warnings, 0 Critical Warnings and 0 Errors encountered.
synth_design completed successfully
synth_design: Time (s): cpu = 00:02:30 ; elapsed = 00:03:28 . Memory (MB): peak = 4397.965 ; gain = 1461.945 ; free physical = 12211 ; free virtual = 74506
# write_checkpoint -force $output_dir/post_synth.dcp
INFO: [Timing 38-35] Done setting XDC timing constraints.
INFO: [Timing 38-480] Writing timing data to binary archive.
INFO: [Common 17-1381] The checkpoint '/ecel/UFAD/ymahmud/bnn_fcc_contest/openflex/build_vivado/outputs/post_synth.dcp' has been generated.
write_checkpoint: Time (s): cpu = 00:00:07 ; elapsed = 00:00:09 . Memory (MB): peak = 4525.828 ; gain = 127.863 ; free physical = 12181 ; free virtual = 74479
# report_methodology -file $output_dir/post_synth_methodology.rpt
Command: report_methodology -file ./outputs/post_synth_methodology.rpt
INFO: [Timing 38-35] Done setting XDC timing constraints.
INFO: [DRC 23-133] Running Methodology with 8 threads
INFO: [Vivado_Tcl 2-1520] The results of Report Methodology are in file /ecel/UFAD/ymahmud/bnn_fcc_contest/openflex/build_vivado/outputs/post_synth_methodology.rpt.
report_methodology completed successfully
report_methodology: Time (s): cpu = 00:00:32 ; elapsed = 00:00:28 . Memory (MB): peak = 5185.789 ; gain = 659.961 ; free physical = 11639 ; free virtual = 73938
# report_timing_summary -file $output_dir/post_synth_timing_summary.rpt
INFO: [Timing 38-35] Done setting XDC timing constraints.
INFO: [Timing 38-91] UpdateTimingParams: Speed grade: -2L, Temperature grade: E, Delay Type: min_max.
INFO: [Timing 38-191] Multithreading enabled for timing update using a maximum of 8 CPUs
# report_utilization -file $output_dir/post_synth_util.rpt
# puts "----------------------------------------"
----------------------------------------
# puts " Implementation (Optimization, P&R)"
 Implementation (Optimization, P&R)
# puts "----------------------------------------"
----------------------------------------
# opt_design
Command: opt_design
Attempting to get a license for feature 'Implementation' and/or device 'xcu250'
INFO: [Common 17-349] Got license for feature 'Implementation' and/or device 'xcu250'
Running DRC as a precondition to command opt_design

Starting DRC Task
INFO: [DRC 23-27] Running DRC with 8 threads
INFO: [Project 1-461] DRC finished with 0 Errors
INFO: [Project 1-462] Please refer to the DRC report (report_drc) for more information.

Time (s): cpu = 00:00:03 ; elapsed = 00:00:02 . Memory (MB): peak = 5185.789 ; gain = 0.000 ; free physical = 11625 ; free virtual = 73933

Starting Cache Timing Information Task
Ending Cache Timing Information Task | Checksum: d85b62b6

Time (s): cpu = 00:00:00.01 ; elapsed = 00:00:00.01 . Memory (MB): peak = 5185.789 ; gain = 0.000 ; free physical = 11626 ; free virtual = 73934

Starting Logic Optimization Task

Phase 1 Retarget
INFO: [Opt 31-138] Pushed 0 inverter(s) to 0 load pin(s).
INFO: [Opt 31-49] Retargeted 0 cell(s).
Phase 1 Retarget | Checksum: 11382b929

Time (s): cpu = 00:00:02 ; elapsed = 00:00:00.67 . Memory (MB): peak = 5185.789 ; gain = 0.000 ; free physical = 11454 ; free virtual = 73759
INFO: [Opt 31-389] Phase Retarget created 0 cells and removed 0 cells

Phase 2 Constant propagation
INFO: [Opt 31-138] Pushed 0 inverter(s) to 0 load pin(s).
Phase 2 Constant propagation | Checksum: cffffa07

Time (s): cpu = 00:00:02 ; elapsed = 00:00:00.77 . Memory (MB): peak = 5185.789 ; gain = 0.000 ; free physical = 11454 ; free virtual = 73759
INFO: [Opt 31-389] Phase Constant propagation created 0 cells and removed 0 cells

Phase 3 Sweep
Phase 3 Sweep | Checksum: 8507749c

Time (s): cpu = 00:00:02 ; elapsed = 00:00:01 . Memory (MB): peak = 5185.789 ; gain = 0.000 ; free physical = 11454 ; free virtual = 73760
INFO: [Opt 31-389] Phase Sweep created 0 cells and removed 0 cells

Phase 4 BUFG optimization
INFO: [Opt 31-1077] Phase BUFG optimization inserted 0 global clock buffer(s) for CLOCK_LOW_FANOUT.
Phase 4 BUFG optimization | Checksum: 8507749c

Time (s): cpu = 00:00:02 ; elapsed = 00:00:01 . Memory (MB): peak = 5185.789 ; gain = 0.000 ; free physical = 11454 ; free virtual = 73760
INFO: [Opt 31-662] Phase BUFG optimization created 0 cells of which 0 are BUFGs and removed 0 cells.

Phase 5 Shift Register Optimization
INFO: [Opt 31-1064] SRL Remap converted 0 SRLs to 0 registers and converted 0 registers of register chains to 0 SRLs
Phase 5 Shift Register Optimization | Checksum: 8507749c

Time (s): cpu = 00:00:02 ; elapsed = 00:00:01 . Memory (MB): peak = 5185.789 ; gain = 0.000 ; free physical = 11454 ; free virtual = 73760
INFO: [Opt 31-389] Phase Shift Register Optimization created 0 cells and removed 0 cells

Phase 6 Post Processing Netlist
Phase 6 Post Processing Netlist | Checksum: 8507749c

Time (s): cpu = 00:00:02 ; elapsed = 00:00:01 . Memory (MB): peak = 5185.789 ; gain = 0.000 ; free physical = 11454 ; free virtual = 73760
INFO: [Opt 31-389] Phase Post Processing Netlist created 0 cells and removed 0 cells
Opt_design Change Summary
=========================


-------------------------------------------------------------------------------------------------------------------------
|  Phase                        |  #Cells created  |  #Cells Removed  |  #Constrained objects preventing optimizations  |
-------------------------------------------------------------------------------------------------------------------------
|  Retarget                     |               0  |               0  |                                              0  |
|  Constant propagation         |               0  |               0  |                                              0  |
|  Sweep                        |               0  |               0  |                                              0  |
|  BUFG optimization            |               0  |               0  |                                              0  |
|  Shift Register Optimization  |               0  |               0  |                                              0  |
|  Post Processing Netlist      |               0  |               0  |                                              0  |
-------------------------------------------------------------------------------------------------------------------------



Starting Connectivity Check Task

Time (s): cpu = 00:00:00.02 ; elapsed = 00:00:00.02 . Memory (MB): peak = 5185.789 ; gain = 0.000 ; free physical = 11455 ; free virtual = 73761
Ending Logic Optimization Task | Checksum: a65eed20

Time (s): cpu = 00:00:02 ; elapsed = 00:00:01 . Memory (MB): peak = 5185.789 ; gain = 0.000 ; free physical = 11455 ; free virtual = 73761

Starting Power Optimization Task
INFO: [Pwropt 34-132] Skipping clock gating for clocks with a period < 2.00 ns.
INFO: [Pwropt 34-232] Skipping BRAM gating because all BRAMs are in high frequency (i.e. period < 3.12 ns) clock domains.
INFO: [Pwropt 34-162] WRITE_MODE attribute of 0 BRAM(s) out of a total of 16 has been updated to save power. Run report_power_opt to get a complete listing of the BRAMs updated.
Ending Power Optimization Task | Checksum: a65eed20

Time (s): cpu = 00:00:00.37 ; elapsed = 00:00:00.40 . Memory (MB): peak = 5185.789 ; gain = 0.000 ; free physical = 11649 ; free virtual = 73954

Starting Final Cleanup Task
Ending Final Cleanup Task | Checksum: a65eed20

Time (s): cpu = 00:00:00 ; elapsed = 00:00:00 . Memory (MB): peak = 5185.789 ; gain = 0.000 ; free physical = 11649 ; free virtual = 73954

Starting Netlist Obfuscation Task
Netlist sorting complete. Time (s): cpu = 00:00:00 ; elapsed = 00:00:00 . Memory (MB): peak = 5185.789 ; gain = 0.000 ; free physical = 11649 ; free virtual = 73955
Ending Netlist Obfuscation Task | Checksum: a65eed20

Time (s): cpu = 00:00:00 ; elapsed = 00:00:00 . Memory (MB): peak = 5185.789 ; gain = 0.000 ; free physical = 11649 ; free virtual = 73955
INFO: [Common 17-83] Releasing license: Implementation
19 Infos, 0 Warnings, 0 Critical Warnings and 0 Errors encountered.
opt_design completed successfully
opt_design: Time (s): cpu = 00:00:07 ; elapsed = 00:00:06 . Memory (MB): peak = 5185.789 ; gain = 0.000 ; free physical = 11649 ; free virtual = 73955
# place_design
Command: place_design
Attempting to get a license for feature 'Implementation' and/or device 'xcu250'
INFO: [Common 17-349] Got license for feature 'Implementation' and/or device 'xcu250'
INFO: [Timing 38-35] Done setting XDC timing constraints.
INFO: [DRC 23-27] Running DRC with 8 threads
INFO: [Vivado_Tcl 4-198] DRC finished with 0 Errors
INFO: [Vivado_Tcl 4-199] Please refer to the DRC report (report_drc) for more information.
Running DRC as a precondition to command place_design
INFO: [DRC 23-27] Running DRC with 8 threads
INFO: [Vivado_Tcl 4-198] DRC finished with 0 Errors
INFO: [Vivado_Tcl 4-199] Please refer to the DRC report (report_drc) for more information.

Starting Placer Task
INFO: [Place 30-611] Multithreading enabled for place_design using a maximum of 8 CPUs

Phase 1 Placer Initialization

Phase 1.1 Placer Initialization Netlist Sorting
Netlist sorting complete. Time (s): cpu = 00:00:00 ; elapsed = 00:00:00.01 . Memory (MB): peak = 5185.789 ; gain = 0.000 ; free physical = 11586 ; free virtual = 73894
Phase 1.1 Placer Initialization Netlist Sorting | Checksum: 2e1781e8

Time (s): cpu = 00:00:00.02 ; elapsed = 00:00:00.02 . Memory (MB): peak = 5185.789 ; gain = 0.000 ; free physical = 11586 ; free virtual = 73894
Netlist sorting complete. Time (s): cpu = 00:00:00 ; elapsed = 00:00:00.01 . Memory (MB): peak = 5185.789 ; gain = 0.000 ; free physical = 11586 ; free virtual = 73894

Phase 1.2 IO Placement/ Clock Placement/ Build Placer Device
Phase 1.2 IO Placement/ Clock Placement/ Build Placer Device | Checksum: 6a0b4b05

Time (s): cpu = 00:00:05 ; elapsed = 00:00:04 . Memory (MB): peak = 5185.789 ; gain = 0.000 ; free physical = 11555 ; free virtual = 73866

Phase 1.3 Build Placer Netlist Model
Phase 1.3 Build Placer Netlist Model | Checksum: db160868

Time (s): cpu = 00:00:15 ; elapsed = 00:00:11 . Memory (MB): peak = 5888.211 ; gain = 702.422 ; free physical = 11352 ; free virtual = 73678

Phase 1.4 Constrain Clocks/Macros
Phase 1.4 Constrain Clocks/Macros | Checksum: db160868

Time (s): cpu = 00:00:15 ; elapsed = 00:00:11 . Memory (MB): peak = 5888.211 ; gain = 702.422 ; free physical = 11352 ; free virtual = 73678
Phase 1 Placer Initialization | Checksum: db160868

Time (s): cpu = 00:00:16 ; elapsed = 00:00:11 . Memory (MB): peak = 5888.211 ; gain = 702.422 ; free physical = 11323 ; free virtual = 73649

Phase 2 Global Placement

Phase 2.1 Floorplanning

Phase 2.1.1 Partition Driven Placement

Phase 2.1.1.1 PBP: Partition Driven Placement
Phase 2.1.1.1 PBP: Partition Driven Placement | Checksum: e93befd1

Time (s): cpu = 00:00:25 ; elapsed = 00:00:16 . Memory (MB): peak = 5888.211 ; gain = 702.422 ; free physical = 11284 ; free virtual = 73602

Phase 2.1.1.2 PBP: Clock Region Placement
Phase 2.1.1.2 PBP: Clock Region Placement | Checksum: e93befd1

Time (s): cpu = 00:00:28 ; elapsed = 00:00:19 . Memory (MB): peak = 5888.211 ; gain = 702.422 ; free physical = 11267 ; free virtual = 73587

Phase 2.1.1.3 PBP: Compute Congestion
Phase 2.1.1.3 PBP: Compute Congestion | Checksum: e93befd1

Time (s): cpu = 00:00:40 ; elapsed = 00:00:30 . Memory (MB): peak = 6465.895 ; gain = 1280.105 ; free physical = 10884 ; free virtual = 73204

Phase 2.1.1.4 PBP: UpdateTiming
Phase 2.1.1.4 PBP: UpdateTiming | Checksum: 130f0e133

Time (s): cpu = 00:00:41 ; elapsed = 00:00:31 . Memory (MB): peak = 6497.910 ; gain = 1312.121 ; free physical = 10877 ; free virtual = 73198

Phase 2.1.1.5 PBP: Add part constraints
Phase 2.1.1.5 PBP: Add part constraints | Checksum: 130f0e133

Time (s): cpu = 00:00:41 ; elapsed = 00:00:31 . Memory (MB): peak = 6497.910 ; gain = 1312.121 ; free physical = 10877 ; free virtual = 73198
Phase 2.1.1 Partition Driven Placement | Checksum: 130f0e133

Time (s): cpu = 00:00:41 ; elapsed = 00:00:31 . Memory (MB): peak = 6497.910 ; gain = 1312.121 ; free physical = 10893 ; free virtual = 73214
Phase 2.1 Floorplanning | Checksum: c3c63cd2

Time (s): cpu = 00:00:41 ; elapsed = 00:00:31 . Memory (MB): peak = 6497.910 ; gain = 1312.121 ; free physical = 10893 ; free virtual = 73214

Phase 2.2 Physical Synthesis After Floorplan
INFO: [Physopt 32-775] End 1 Pass. Optimized 0 net or cell. Created 0 new cell, deleted 0 existing cell and moved 0 existing cell
Netlist sorting complete. Time (s): cpu = 00:00:00.01 ; elapsed = 00:00:00.01 . Memory (MB): peak = 6497.910 ; gain = 0.000 ; free physical = 10894 ; free virtual = 73215

Summary of Physical Synthesis Optimizations
============================================


-----------------------------------------------------------------------------------------------------------------------------------------------
|  Optimization                         |  Added Cells  |  Removed Cells  |  Optimized Cells/Nets  |  Dont Touch  |  Iterations  |  Elapsed   |
-----------------------------------------------------------------------------------------------------------------------------------------------
|  PSIP Post Floorplan SLR Replication  |            0  |              0  |                     0  |           0  |           1  |  00:00:00  |
|  Total                                |            0  |              0  |                     0  |           0  |           1  |  00:00:00  |
-----------------------------------------------------------------------------------------------------------------------------------------------


Phase 2.2 Physical Synthesis After Floorplan | Checksum: c3c63cd2

Time (s): cpu = 00:00:42 ; elapsed = 00:00:31 . Memory (MB): peak = 6497.910 ; gain = 1312.121 ; free physical = 10895 ; free virtual = 73217

Phase 2.3 Update Timing before SLR Path Opt
Phase 2.3 Update Timing before SLR Path Opt | Checksum: c3c63cd2

Time (s): cpu = 00:00:42 ; elapsed = 00:00:31 . Memory (MB): peak = 6497.910 ; gain = 1312.121 ; free physical = 10895 ; free virtual = 73217

Phase 2.4 Post-Processing in Floorplanning
Phase 2.4 Post-Processing in Floorplanning | Checksum: 79742602

Time (s): cpu = 00:00:42 ; elapsed = 00:00:31 . Memory (MB): peak = 6497.910 ; gain = 1312.121 ; free physical = 10895 ; free virtual = 73217

Phase 2.5 Global Placement Core

Phase 2.5.1 Physical Synthesis In Placer
INFO: [Physopt 32-1035] Found 104 LUTNM shape to break, 11 LUT instances to create LUTNM shape
INFO: [Physopt 32-1044] Break lutnm for timing: one critical 4, two critical 100, total 104, new lutff created 1
INFO: [Physopt 32-1138] End 1 Pass. Optimized 106 nets or LUTs. Breaked 104 LUTs, combined 2 existing LUTs and moved 0 existing LUT
INFO: [Physopt 32-1030] Pass 1. Identified 23 candidate driver sets for equivalent driver rewiring.
INFO: [Physopt 32-661] Optimized 16 nets.  Re-placed 69 instances.
INFO: [Physopt 32-775] End 1 Pass. Optimized 16 nets or cells. Created 0 new cell, deleted 2 existing cells and moved 69 existing cells
Netlist sorting complete. Time (s): cpu = 00:00:00.06 ; elapsed = 00:00:00.06 . Memory (MB): peak = 7257.367 ; gain = 0.000 ; free physical = 10609 ; free virtual = 72971
INFO: [Physopt 32-65] No nets found for high-fanout optimization.
INFO: [Physopt 32-232] Optimized 0 net. Created 0 new instance.
INFO: [Physopt 32-775] End 1 Pass. Optimized 0 net or cell. Created 0 new cell, deleted 0 existing cell and moved 0 existing cell
INFO: [Physopt 32-76] Pass 1. Identified 74 candidate nets for fanout optimization.
INFO: [Physopt 32-81] Processed net DUT/config_parser_inst/layer_wr_addr_reg[11]_0[8]. Replicated 6 times.
INFO: [Physopt 32-81] Processed net config_data_r[9]. Replicated 6 times.
INFO: [Physopt 32-81] Processed net config_data_r[28]. Replicated 7 times.
INFO: [Physopt 32-81] Processed net config_data_r[20]. Replicated 6 times.
INFO: [Physopt 32-81] Processed net config_data_r[29]. Replicated 6 times.
INFO: [Physopt 32-81] Processed net config_data_r[22]. Replicated 6 times.
INFO: [Physopt 32-81] Processed net config_data_r[26]. Replicated 6 times.
INFO: [Physopt 32-81] Processed net DUT/config_parser_inst/layer_wr_addr_reg[11]_0[9]. Replicated 6 times.
INFO: [Physopt 32-81] Processed net config_data_r[4]. Replicated 6 times.
INFO: [Physopt 32-81] Processed net DUT/config_parser_inst/layer_wr_addr_reg[11]_0[7]. Replicated 6 times.
INFO: [Physopt 32-81] Processed net config_data_r[1]. Replicated 6 times.
INFO: [Physopt 32-81] Processed net config_data_r[11]. Replicated 6 times.
INFO: [Physopt 32-81] Processed net DUT/config_parser_inst/A[6]. Replicated 6 times.
INFO: [Physopt 32-81] Processed net config_data_r[31]. Replicated 6 times.
INFO: [Physopt 32-81] Processed net config_data_r[24]. Replicated 6 times.
INFO: [Physopt 32-81] Processed net config_data_r[0]. Replicated 5 times.
INFO: [Physopt 32-81] Processed net config_data_r[3]. Replicated 6 times.
INFO: [Physopt 32-81] Processed net config_data_r[17]. Replicated 6 times.
INFO: [Physopt 32-81] Processed net DUT/config_parser_inst/ADDR_B[0]. Replicated 5 times.
INFO: [Physopt 32-81] Processed net config_data_r[30]. Replicated 6 times.
INFO: [Physopt 32-81] Processed net config_data_r[25]. Replicated 6 times.
INFO: [Physopt 32-81] Processed net config_data_r[2]. Replicated 5 times.
INFO: [Physopt 32-81] Processed net config_data_r[18]. Replicated 6 times.
INFO: [Physopt 32-81] Processed net config_data_r[8]. Replicated 6 times.
INFO: [Physopt 32-81] Processed net config_data_r[10]. Replicated 6 times.
INFO: [Physopt 32-81] Processed net config_data_r[5]. Replicated 7 times.
INFO: [Physopt 32-81] Processed net config_data_r[27]. Replicated 6 times.
INFO: [Physopt 32-81] Processed net config_data_r[13]. Replicated 6 times.
INFO: [Physopt 32-81] Processed net config_data_r[15]. Replicated 6 times.
INFO: [Physopt 32-81] Processed net config_data_r[16]. Replicated 6 times.
INFO: [Physopt 32-81] Processed net DUT/config_parser_inst/A[0]. Replicated 2 times.
INFO: [Physopt 32-81] Processed net DUT/config_parser_inst/A[2]. Replicated 2 times.
INFO: [Physopt 32-81] Processed net DUT/config_parser_inst/A[3]. Replicated 2 times.
INFO: [Physopt 32-81] Processed net DUT/config_parser_inst/A[4]. Replicated 2 times.
INFO: [Physopt 32-81] Processed net config_data_r[7]. Replicated 7 times.
INFO: [Physopt 32-81] Processed net config_data_r[12]. Replicated 4 times.
INFO: [Physopt 32-81] Processed net config_data_r[6]. Replicated 6 times.
INFO: [Physopt 32-81] Processed net config_data_r[21]. Replicated 6 times.
INFO: [Physopt 32-81] Processed net config_data_r[19]. Replicated 6 times.
INFO: [Physopt 32-81] Processed net config_data_r[14]. Replicated 6 times.
INFO: [Physopt 32-81] Processed net config_data_r[23]. Replicated 6 times.
INFO: [Physopt 32-81] Processed net config_data_r[60]. Replicated 6 times.
INFO: [Physopt 32-81] Processed net config_data_r[61]. Replicated 6 times.
INFO: [Physopt 32-81] Processed net config_data_r[37]. Replicated 6 times.
INFO: [Physopt 32-81] Processed net config_data_r[32]. Replicated 5 times.
INFO: [Physopt 32-81] Processed net config_data_r[55]. Replicated 5 times.
INFO: [Physopt 32-81] Processed net config_data_r[56]. Replicated 6 times.
INFO: [Physopt 32-81] Processed net config_data_r[34]. Replicated 5 times.
INFO: [Physopt 32-81] Processed net config_data_r[46]. Replicated 5 times.
INFO: [Physopt 32-81] Processed net config_data_r[57]. Replicated 5 times.
INFO: [Physopt 32-81] Processed net config_data_r[53]. Replicated 6 times.
INFO: [Physopt 32-81] Processed net config_data_r[42]. Replicated 5 times.
INFO: [Physopt 32-81] Processed net config_data_r[63]. Replicated 5 times.
INFO: [Physopt 32-81] Processed net config_data_r[50]. Replicated 5 times.
INFO: [Physopt 32-81] Processed net config_data_r[47]. Replicated 6 times.
INFO: [Physopt 32-81] Processed net config_data_r[49]. Replicated 5 times.
INFO: [Physopt 32-81] Processed net config_data_r[45]. Replicated 6 times.
INFO: [Physopt 32-81] Processed net config_data_r[41]. Replicated 5 times.
INFO: [Physopt 32-81] Processed net config_data_r[58]. Replicated 6 times.
INFO: [Physopt 32-81] Processed net config_data_r[62]. Replicated 6 times.
INFO: [Physopt 32-81] Processed net config_data_r[51]. Replicated 7 times.
INFO: [Physopt 32-81] Processed net config_data_r[43]. Replicated 5 times.
INFO: [Physopt 32-81] Processed net config_data_r[59]. Replicated 6 times.
INFO: [Physopt 32-81] Processed net config_data_r[38]. Replicated 5 times.
INFO: [Physopt 32-81] Processed net config_data_r[54]. Replicated 6 times.
INFO: [Physopt 32-81] Processed net config_data_r[35]. Replicated 4 times.
INFO: [Physopt 32-81] Processed net config_data_r[52]. Replicated 7 times.
INFO: [Physopt 32-81] Processed net config_data_r[40]. Replicated 5 times.
INFO: [Physopt 32-81] Processed net config_data_r[44]. Replicated 6 times.
INFO: [Physopt 32-81] Processed net config_data_r[48]. Replicated 6 times.
INFO: [Physopt 32-81] Processed net config_data_r[39]. Replicated 5 times.
INFO: [Physopt 32-81] Processed net config_data_r[36]. Replicated 5 times.
INFO: [Physopt 32-81] Processed net config_data_r[33]. Replicated 5 times.
INFO: [Physopt 32-232] Optimized 73 nets. Created 404 new instances.
INFO: [Physopt 32-775] End 1 Pass. Optimized 73 nets or cells. Created 404 new cells, deleted 0 existing cell and moved 0 existing cell
Netlist sorting complete. Time (s): cpu = 00:00:00.06 ; elapsed = 00:00:00.06 . Memory (MB): peak = 7257.367 ; gain = 0.000 ; free physical = 10609 ; free virtual = 72973
INFO: [Physopt 32-46] Identified 2 candidate nets for critical-cell optimization.
INFO: [Physopt 32-81] Processed net DUT/config_parser_inst/layer_wr_addr_reg[11]_0[11]. Replicated 2 times.
INFO: [Physopt 32-81] Processed net DUT/config_parser_inst/layer_wr_addr_reg[11]_0[10]. Replicated 2 times.
INFO: [Physopt 32-232] Optimized 2 nets. Created 4 new instances.
INFO: [Physopt 32-775] End 1 Pass. Optimized 2 nets or cells. Created 4 new cells, deleted 0 existing cell and moved 0 existing cell
Netlist sorting complete. Time (s): cpu = 00:00:00.03 ; elapsed = 00:00:00.04 . Memory (MB): peak = 7257.367 ; gain = 0.000 ; free physical = 10609 ; free virtual = 72974
INFO: [Physopt 32-456] No candidate cells for DSP register optimization found in the design.
INFO: [Physopt 32-775] End 2 Pass. Optimized 0 net or cell. Created 0 new cell, deleted 0 existing cell and moved 0 existing cell
INFO: [Physopt 32-1123] No candidate cells found for Shift Register to Pipeline optimization
INFO: [Physopt 32-775] End 1 Pass. Optimized 0 net or cell. Created 0 new cell, deleted 0 existing cell and moved 0 existing cell
INFO: [Physopt 32-677] No candidate cells for Shift Register optimization found in the design
INFO: [Physopt 32-775] End 1 Pass. Optimized 0 net or cell. Created 0 new cell, deleted 0 existing cell and moved 0 existing cell
INFO: [Physopt 32-527] Pass 1: Identified 15 candidate cells for BRAM register optimization
INFO: [Physopt 32-665] Processed cell DUT/gen_layers[2].mem_inst/gen_weight_ports[5].mem_weights_lo_reg_bram_0. 36 registers were pushed out.
INFO: [Physopt 32-665] Processed cell DUT/gen_layers[2].mem_inst/gen_weight_ports[5].mem_weights_lo_reg_bram_1. 28 registers were pushed out.
INFO: [Physopt 32-665] Processed cell DUT/gen_layers[2].mem_inst/gen_weight_ports[4].mem_weights_lo_reg_bram_0. 36 registers were pushed out.
INFO: [Physopt 32-665] Processed cell DUT/gen_layers[2].mem_inst/gen_weight_ports[7].mem_weights_lo_reg_bram_0. 36 registers were pushed out.
INFO: [Physopt 32-665] Processed cell DUT/gen_layers[2].mem_inst/gen_weight_ports[4].mem_weights_lo_reg_bram_1. 28 registers were pushed out.
INFO: [Physopt 32-665] Processed cell DUT/gen_layers[2].mem_inst/gen_weight_ports[1].mem_weights_lo_reg_bram_0. 36 registers were pushed out.
INFO: [Physopt 32-665] Processed cell DUT/gen_layers[2].mem_inst/gen_weight_ports[3].mem_weights_lo_reg_bram_1. 28 registers were pushed out.
INFO: [Physopt 32-665] Processed cell DUT/gen_layers[2].mem_inst/gen_weight_ports[2].mem_weights_lo_reg_bram_1. 28 registers were pushed out.
INFO: [Physopt 32-665] Processed cell DUT/gen_layers[2].mem_inst/gen_weight_ports[1].mem_weights_lo_reg_bram_1. 28 registers were pushed out.
INFO: [Physopt 32-665] Processed cell DUT/gen_layers[2].mem_inst/gen_weight_ports[2].mem_weights_lo_reg_bram_0. 36 registers were pushed out.
INFO: [Physopt 32-665] Processed cell DUT/gen_layers[2].mem_inst/gen_weight_ports[7].mem_weights_lo_reg_bram_1. 28 registers were pushed out.
INFO: [Physopt 32-665] Processed cell DUT/gen_layers[2].mem_inst/gen_weight_ports[3].mem_weights_lo_reg_bram_0. 36 registers were pushed out.
INFO: [Physopt 32-665] Processed cell DUT/gen_layers[2].mem_inst/gen_weight_ports[6].mem_weights_lo_reg_bram_0. 36 registers were pushed out.
INFO: [Physopt 32-665] Processed cell DUT/gen_layers[2].mem_inst/gen_weight_ports[0].mem_weights_lo_reg_bram_0. 36 registers were pushed out.
INFO: [Physopt 32-665] Processed cell DUT/gen_layers[2].mem_inst/gen_weight_ports[0].mem_weights_lo_reg_bram_1. 28 registers were pushed out.
INFO: [Physopt 32-775] End 1 Pass. Optimized 15 nets or cells. Created 484 new cells, deleted 0 existing cell and moved 0 existing cell
Netlist sorting complete. Time (s): cpu = 00:00:00.06 ; elapsed = 00:00:00.06 . Memory (MB): peak = 7257.367 ; gain = 0.000 ; free physical = 10731 ; free virtual = 73095
INFO: [Physopt 32-846] No candidate cells for URAM register optimization found in the design
INFO: [Physopt 32-775] End 2 Pass. Optimized 0 net or cell. Created 0 new cell, deleted 0 existing cell and moved 0 existing cell
INFO: [Physopt 32-949] No candidate nets found for dynamic/static region interface net replication
INFO: [Physopt 32-775] End 1 Pass. Optimized 0 net or cell. Created 0 new cell, deleted 0 existing cell and moved 0 existing cell
Netlist sorting complete. Time (s): cpu = 00:00:00.01 ; elapsed = 00:00:00 . Memory (MB): peak = 7257.367 ; gain = 0.000 ; free physical = 10730 ; free virtual = 73094

Summary of Physical Synthesis Optimizations
============================================


-----------------------------------------------------------------------------------------------------------------------------------------------------------
|  Optimization                                     |  Added Cells  |  Removed Cells  |  Optimized Cells/Nets  |  Dont Touch  |  Iterations  |  Elapsed   |
-----------------------------------------------------------------------------------------------------------------------------------------------------------
|  LUT Combining                                    |          104  |              2  |                   106  |           0  |           1  |  00:00:00  |
|  Retime                                           |            0  |              0  |                     0  |           0  |           1  |  00:00:00  |
|  Equivalent Driver Rewiring                       |            0  |              2  |                    16  |           0  |           1  |  00:00:02  |
|  Very High Fanout                                 |            0  |              0  |                     0  |           0  |           1  |  00:00:00  |
|  Fanout                                           |          404  |              0  |                    73  |           0  |           1  |  00:00:04  |
|  Critical Cell                                    |            4  |              0  |                     2  |           0  |           1  |  00:00:00  |
|  DSP Register                                     |            0  |              0  |                     0  |           0  |           1  |  00:00:00  |
|  Shift Register to Pipeline                       |            0  |              0  |                     0  |           0  |           1  |  00:00:00  |
|  Shift Register                                   |            0  |              0  |                     0  |           0  |           1  |  00:00:00  |
|  BRAM Register                                    |          484  |              0  |                    15  |           0  |           1  |  00:00:07  |
|  URAM Register                                    |            0  |              0  |                     0  |           0  |           1  |  00:00:00  |
|  Dynamic/Static Region Interface Net Replication  |            0  |              0  |                     0  |           0  |           1  |  00:00:00  |
|  Total                                            |          996  |              4  |                   212  |           0  |          12  |  00:00:13  |
-----------------------------------------------------------------------------------------------------------------------------------------------------------


Phase 2.5.1 Physical Synthesis In Placer | Checksum: 19b619f70

Time (s): cpu = 00:05:07 ; elapsed = 00:03:35 . Memory (MB): peak = 7257.367 ; gain = 2071.578 ; free physical = 10729 ; free virtual = 73093
Phase 2.5 Global Placement Core | Checksum: 1d8cd5037

Time (s): cpu = 00:05:36 ; elapsed = 00:04:00 . Memory (MB): peak = 7257.367 ; gain = 2071.578 ; free physical = 10695 ; free virtual = 73064
Phase 2 Global Placement | Checksum: 1d8cd5037

Time (s): cpu = 00:05:36 ; elapsed = 00:04:00 . Memory (MB): peak = 7257.367 ; gain = 2071.578 ; free physical = 10719 ; free virtual = 73089

Phase 3 Detail Placement

Phase 3.1 Commit Multi Column Macros
Phase 3.1 Commit Multi Column Macros | Checksum: 22fc26626

Time (s): cpu = 00:05:50 ; elapsed = 00:04:12 . Memory (MB): peak = 7257.367 ; gain = 2071.578 ; free physical = 10586 ; free virtual = 72969

Phase 3.2 Commit Most Macros & LUTRAMs
Phase 3.2 Commit Most Macros & LUTRAMs | Checksum: 17e789f3c

Time (s): cpu = 00:05:54 ; elapsed = 00:04:14 . Memory (MB): peak = 7257.367 ; gain = 2071.578 ; free physical = 10514 ; free virtual = 72893

Phase 3.3 Small Shape DP

Phase 3.3.1 Small Shape Clustering
Phase 3.3.1 Small Shape Clustering | Checksum: 18981e96f

Time (s): cpu = 00:06:02 ; elapsed = 00:04:20 . Memory (MB): peak = 7257.367 ; gain = 2071.578 ; free physical = 10433 ; free virtual = 72815

Phase 3.3.2 Flow Legalize Slice Clusters
Phase 3.3.2 Flow Legalize Slice Clusters | Checksum: 112ec146c

Time (s): cpu = 00:06:03 ; elapsed = 00:04:21 . Memory (MB): peak = 7257.367 ; gain = 2071.578 ; free physical = 10418 ; free virtual = 72801

Phase 3.3.3 Slice Area Swap
Phase 3.3.3 Slice Area Swap | Checksum: 1da80b2d5

Time (s): cpu = 00:06:06 ; elapsed = 00:04:24 . Memory (MB): peak = 7257.367 ; gain = 2071.578 ; free physical = 10311 ; free virtual = 72696
Phase 3.3 Small Shape DP | Checksum: 160a118ed

Time (s): cpu = 00:06:09 ; elapsed = 00:04:25 . Memory (MB): peak = 7257.367 ; gain = 2071.578 ; free physical = 10454 ; free virtual = 72839

Phase 3.4 Re-assign LUT pins
Phase 3.4 Re-assign LUT pins | Checksum: 237b6b905

Time (s): cpu = 00:06:10 ; elapsed = 00:04:26 . Memory (MB): peak = 7257.367 ; gain = 2071.578 ; free physical = 10442 ; free virtual = 72828

Phase 3.5 Pipeline Register Optimization
Phase 3.5 Pipeline Register Optimization | Checksum: 185b2687d

Time (s): cpu = 00:06:10 ; elapsed = 00:04:26 . Memory (MB): peak = 7257.367 ; gain = 2071.578 ; free physical = 10443 ; free virtual = 72829

Phase 3.6 Fast Optimization
Phase 3.6 Fast Optimization | Checksum: f91a0c29

Time (s): cpu = 00:06:31 ; elapsed = 00:04:41 . Memory (MB): peak = 7257.367 ; gain = 2071.578 ; free physical = 10423 ; free virtual = 72807
Phase 3 Detail Placement | Checksum: f91a0c29

Time (s): cpu = 00:06:31 ; elapsed = 00:04:42 . Memory (MB): peak = 7257.367 ; gain = 2071.578 ; free physical = 10423 ; free virtual = 72807

Phase 4 Post Placement Optimization and Clean-Up

Phase 4.1 Post Commit Optimization
INFO: [Timing 38-35] Done setting XDC timing constraints.

Phase 4.1.1 Post Placement Optimization
Post Placement Optimization Initialization | Checksum: 11e842088

Phase 4.1.1.1 BUFG Insertion

Starting Physical Synthesis Task

Phase 1 Physical Synthesis Initialization
INFO: [Physopt 32-721] Multithreading enabled for phys_opt_design using a maximum of 8 CPUs
INFO: [Physopt 32-619] Estimated Timing Summary | WNS=-1.774 | TNS=-7893.246 |
Phase 1 Physical Synthesis Initialization | Checksum: 110473793

Time (s): cpu = 00:00:01 ; elapsed = 00:00:00.37 . Memory (MB): peak = 7257.367 ; gain = 0.000 ; free physical = 10456 ; free virtual = 72852
INFO: [Place 46-56] BUFG insertion identified 0 candidate nets. Inserted BUFG: 0, Replicated BUFG Driver: 0, Skipped due to Placement/Routing Conflicts: 0, Skipped due to Timing Degradation: 0, Skipped due to Illegal Netlist: 0.
Ending Physical Synthesis Task | Checksum: adfc9086

Time (s): cpu = 00:00:01 ; elapsed = 00:00:00.48 . Memory (MB): peak = 7257.367 ; gain = 0.000 ; free physical = 10457 ; free virtual = 72853
Phase 4.1.1.1 BUFG Insertion | Checksum: 11e842088

Time (s): cpu = 00:06:55 ; elapsed = 00:04:58 . Memory (MB): peak = 7257.367 ; gain = 2071.578 ; free physical = 10464 ; free virtual = 72860

Phase 4.1.1.2 BUFG Replication
INFO: [Place 46-63] BUFG replication identified 0 candidate nets: Replicated nets: 0, Replicated BUFGs: 0, Replicated BUFG Driver: 0, Skipped due to Placement / Routing Conflict: 0, Skipped due to Timing: 0, Skipped due to constraints: 0
Phase 4.1.1.2 BUFG Replication | Checksum: 11e842088

Time (s): cpu = 00:06:55 ; elapsed = 00:04:58 . Memory (MB): peak = 7257.367 ; gain = 2071.578 ; free physical = 10463 ; free virtual = 72859

Phase 4.1.1.3 Post Placement Timing Optimization
INFO: [Place 30-746] Post Placement Timing Summary WNS=-1.537. For the most accurate timing information please run report_timing.
Phase 4.1.1.3 Post Placement Timing Optimization | Checksum: 217743626

Time (s): cpu = 00:07:40 ; elapsed = 00:05:42 . Memory (MB): peak = 7257.367 ; gain = 2071.578 ; free physical = 10489 ; free virtual = 72906

Phase 4.1.1.4 Replication
INFO: [Place 46-19] Post Replication Timing Summary WNS=-1.537. For the most accurate timing information please run report_timing.
Phase 4.1.1.4 Replication | Checksum: 217743626

Time (s): cpu = 00:07:40 ; elapsed = 00:05:42 . Memory (MB): peak = 7257.367 ; gain = 2071.578 ; free physical = 10489 ; free virtual = 72905

Time (s): cpu = 00:07:40 ; elapsed = 00:05:42 . Memory (MB): peak = 7257.367 ; gain = 2071.578 ; free physical = 10492 ; free virtual = 72909
Phase 4.1 Post Commit Optimization | Checksum: 217743626

Time (s): cpu = 00:07:41 ; elapsed = 00:05:42 . Memory (MB): peak = 7257.367 ; gain = 2071.578 ; free physical = 10492 ; free virtual = 72909
Netlist sorting complete. Time (s): cpu = 00:00:00 ; elapsed = 00:00:00 . Memory (MB): peak = 7283.383 ; gain = 0.000 ; free physical = 10388 ; free virtual = 72816

Phase 4.2 Post Placement Cleanup
Phase 4.2 Post Placement Cleanup | Checksum: 224932ddf

Time (s): cpu = 00:08:24 ; elapsed = 00:06:24 . Memory (MB): peak = 7283.383 ; gain = 2097.594 ; free physical = 10461 ; free virtual = 72890

Phase 4.3 Placer Reporting

Phase 4.3.1 Print Estimated Congestion
INFO: [Place 30-612] Post-Placement Estimated Congestion 
 ________________________________________________________________________
|           | Global Congestion | Long Congestion   | Short Congestion  |
| Direction | Region Size       | Region Size       | Region Size       |
|___________|___________________|___________________|___________________|
|      North|                1x1|                1x1|                4x4|
|___________|___________________|___________________|___________________|
|      South|                1x1|                1x1|                2x2|
|___________|___________________|___________________|___________________|
|       East|                1x1|                1x1|                4x4|
|___________|___________________|___________________|___________________|
|       West|                2x2|                1x1|                4x4|
|___________|___________________|___________________|___________________|

Phase 4.3.1 Print Estimated Congestion | Checksum: 224932ddf

Time (s): cpu = 00:08:24 ; elapsed = 00:06:24 . Memory (MB): peak = 7283.383 ; gain = 2097.594 ; free physical = 10463 ; free virtual = 72892
Phase 4.3 Placer Reporting | Checksum: 224932ddf

Time (s): cpu = 00:08:24 ; elapsed = 00:06:24 . Memory (MB): peak = 7283.383 ; gain = 2097.594 ; free physical = 10463 ; free virtual = 72892

Phase 4.4 Final Placement Cleanup
Netlist sorting complete. Time (s): cpu = 00:00:00 ; elapsed = 00:00:00 . Memory (MB): peak = 7283.383 ; gain = 0.000 ; free physical = 10463 ; free virtual = 72892

Time (s): cpu = 00:08:24 ; elapsed = 00:06:24 . Memory (MB): peak = 7283.383 ; gain = 2097.594 ; free physical = 10463 ; free virtual = 72892
Phase 4 Post Placement Optimization and Clean-Up | Checksum: 1dc58d604

Time (s): cpu = 00:08:24 ; elapsed = 00:06:24 . Memory (MB): peak = 7283.383 ; gain = 2097.594 ; free physical = 10463 ; free virtual = 72892
Ending Placer Task | Checksum: f9ba4abc

Time (s): cpu = 00:08:24 ; elapsed = 00:06:24 . Memory (MB): peak = 7283.383 ; gain = 2097.594 ; free physical = 10462 ; free virtual = 72891
INFO: [Common 17-83] Releasing license: Implementation
136 Infos, 0 Warnings, 0 Critical Warnings and 0 Errors encountered.
place_design completed successfully
place_design: Time (s): cpu = 00:08:35 ; elapsed = 00:06:28 . Memory (MB): peak = 7283.383 ; gain = 2097.594 ; free physical = 11310 ; free virtual = 73739
# report_clock_utilization -file $output_dir/clock_util.rpt
report_clock_utilization: Time (s): cpu = 00:00:20 ; elapsed = 00:00:20 . Memory (MB): peak = 7283.383 ; gain = 0.000 ; free physical = 11304 ; free virtual = 73736
# if {[get_property SLACK [get_timing_paths -max_paths 1 -nworst 1 -setup]] < 0} {
#     puts "Found setup timing violations => running physical optimization"
#     phys_opt_design
# }
Found setup timing violations => running physical optimization
Command: phys_opt_design
Attempting to get a license for feature 'Implementation' and/or device 'xcu250'
INFO: [Common 17-349] Got license for feature 'Implementation' and/or device 'xcu250'
INFO: [Vivado_Tcl 4-1435] PhysOpt_Tcl_Interface Runtime Before Starting Physical Synthesis Task | CPU: 0.07s |  WALL: 0.08s
Netlist sorting complete. Time (s): cpu = 00:00:00 ; elapsed = 00:00:00 . Memory (MB): peak = 7283.383 ; gain = 0.000 ; free physical = 11281 ; free virtual = 73710

Starting Physical Synthesis Task

Phase 1 Physical Synthesis Initialization
INFO: [Physopt 32-721] Multithreading enabled for phys_opt_design using a maximum of 8 CPUs
INFO: [Physopt 32-619] Estimated Timing Summary | WNS=-1.506 | TNS=-7750.109 |
Phase 1 Physical Synthesis Initialization | Checksum: 15e9e5f3f

Time (s): cpu = 00:00:12 ; elapsed = 00:00:11 . Memory (MB): peak = 7283.383 ; gain = 0.000 ; free physical = 11011 ; free virtual = 73453
INFO: [Physopt 32-619] Estimated Timing Summary | WNS=-1.506 | TNS=-7750.109 |

Phase 2 DSP Register Optimization
INFO: [Physopt 32-456] No candidate cells for DSP register optimization found in the design.
INFO: [Physopt 32-775] End 2 Pass. Optimized 0 net or cell. Created 0 new cell, deleted 0 existing cell and moved 0 existing cell
Phase 2 DSP Register Optimization | Checksum: 15e9e5f3f

Time (s): cpu = 00:00:12 ; elapsed = 00:00:11 . Memory (MB): peak = 7283.383 ; gain = 0.000 ; free physical = 11010 ; free virtual = 73452

Phase 3 Critical Path Optimization
INFO: [Physopt 32-619] Estimated Timing Summary | WNS=-1.506 | TNS=-7750.109 |
INFO: [Physopt 32-702] Processed net DUT/gen_layers[1].mem_inst/rd_data_threshold_reg[1][31]_0[21]. Optimizations did not improve timing on the net.
INFO: [Physopt 32-81] Processed net DUT/gen_layers[1].comp_inst/state[0]. Replicated 6 times.
INFO: [Physopt 32-735] Processed net DUT/gen_layers[1].comp_inst/state[0]. Optimization improves timing on the net.
INFO: [Physopt 32-619] Estimated Timing Summary | WNS=-1.493 | TNS=-7731.274 |
INFO: [Physopt 32-663] Processed net DUT/gen_layers[1].mem_inst/gen_weight_ports[2].weight_word_addr_hi_issue_reg_n_0_[2][6].  Re-placed instance DUT/gen_layers[1].mem_inst/gen_weight_ports[2].weight_word_addr_hi_issue_reg[2][6]
INFO: [Physopt 32-735] Processed net DUT/gen_layers[1].mem_inst/gen_weight_ports[2].weight_word_addr_hi_issue_reg_n_0_[2][6]. Optimization improves timing on the net.
INFO: [Physopt 32-619] Estimated Timing Summary | WNS=-1.493 | TNS=-7731.495 |
INFO: [Physopt 32-663] Processed net DUT/gen_layers[1].mem_inst/gen_weight_ports[2].weight_word_addr_hi_issue_reg_n_0_[2][7].  Re-placed instance DUT/gen_layers[1].mem_inst/gen_weight_ports[2].weight_word_addr_hi_issue_reg[2][7]
INFO: [Physopt 32-735] Processed net DUT/gen_layers[1].mem_inst/gen_weight_ports[2].weight_word_addr_hi_issue_reg_n_0_[2][7]. Optimization improves timing on the net.
INFO: [Physopt 32-619] Estimated Timing Summary | WNS=-1.493 | TNS=-7731.693 |
INFO: [Physopt 32-663] Processed net DUT/gen_layers[1].mem_inst/gen_weight_ports[2].weight_word_addr_hi_issue_reg_n_0_[2][8].  Re-placed instance DUT/gen_layers[1].mem_inst/gen_weight_ports[2].weight_word_addr_hi_issue_reg[2][8]
INFO: [Physopt 32-735] Processed net DUT/gen_layers[1].mem_inst/gen_weight_ports[2].weight_word_addr_hi_issue_reg_n_0_[2][8]. Optimization improves timing on the net.
INFO: [Physopt 32-619] Estimated Timing Summary | WNS=-1.493 | TNS=-7731.878 |
INFO: [Physopt 32-663] Processed net DUT/gen_layers[1].mem_inst/gen_weight_ports[2].weight_word_addr_hi_issue_reg_n_0_[2][9].  Re-placed instance DUT/gen_layers[1].mem_inst/gen_weight_ports[2].weight_word_addr_hi_issue_reg[2][9]
INFO: [Physopt 32-735] Processed net DUT/gen_layers[1].mem_inst/gen_weight_ports[2].weight_word_addr_hi_issue_reg_n_0_[2][9]. Optimization improves timing on the net.
INFO: [Physopt 32-619] Estimated Timing Summary | WNS=-1.492 | TNS=-7732.135 |
INFO: [Physopt 32-81] Processed net DUT/gen_layers[1].comp_inst/neuron_base_cnt_reg_n_0_[3]. Replicated 4 times.
INFO: [Physopt 32-735] Processed net DUT/gen_layers[1].comp_inst/neuron_base_cnt_reg_n_0_[3]. Optimization improves timing on the net.
INFO: [Physopt 32-619] Estimated Timing Summary | WNS=-1.491 | TNS=-7732.678 |
INFO: [Physopt 32-81] Processed net DUT/gen_layers[1].comp_inst/neuron_base_cnt_reg_n_0_[8]. Replicated 4 times.
INFO: [Physopt 32-735] Processed net DUT/gen_layers[1].comp_inst/neuron_base_cnt_reg_n_0_[8]. Optimization improves timing on the net.
INFO: [Physopt 32-619] Estimated Timing Summary | WNS=-1.482 | TNS=-7714.354 |
INFO: [Physopt 32-81] Processed net DUT/gen_layers[1].comp_inst/neuron_base_cnt_reg_n_0_[5]. Replicated 4 times.
INFO: [Physopt 32-735] Processed net DUT/gen_layers[1].comp_inst/neuron_base_cnt_reg_n_0_[5]. Optimization improves timing on the net.
INFO: [Physopt 32-619] Estimated Timing Summary | WNS=-1.467 | TNS=-7702.694 |
INFO: [Physopt 32-81] Processed net DUT/gen_layers[1].comp_inst/neuron_base_cnt_reg_n_0_[7]. Replicated 4 times.
INFO: [Physopt 32-735] Processed net DUT/gen_layers[1].comp_inst/neuron_base_cnt_reg_n_0_[7]. Optimization improves timing on the net.
INFO: [Physopt 32-619] Estimated Timing Summary | WNS=-1.465 | TNS=-7690.351 |
INFO: [Physopt 32-81] Processed net DUT/gen_layers[1].comp_inst/state[1]. Replicated 7 times.
INFO: [Physopt 32-735] Processed net DUT/gen_layers[1].comp_inst/state[1]. Optimization improves timing on the net.
INFO: [Physopt 32-619] Estimated Timing Summary | WNS=-1.452 | TNS=-7667.772 |
INFO: [Physopt 32-702] Processed net DUT/gen_layers[1].comp_inst/gen_np[5].np_inst/popcount_q[6]. Optimizations did not improve timing on the net.
INFO: [Physopt 32-81] Processed net DUT/gen_layers[1].comp_inst/np_x_q[55]. Replicated 2 times.
INFO: [Physopt 32-735] Processed net DUT/gen_layers[1].comp_inst/np_x_q[55]. Optimization improves timing on the net.
INFO: [Physopt 32-619] Estimated Timing Summary | WNS=-1.450 | TNS=-7668.766 |
INFO: [Physopt 32-663] Processed net DUT/gen_layers[1].comp_inst/neuron_base_cnt_reg_n_0_[3].  Re-placed instance DUT/gen_layers[1].comp_inst/neuron_base_cnt_reg[3]
INFO: [Physopt 32-735] Processed net DUT/gen_layers[1].comp_inst/neuron_base_cnt_reg_n_0_[3]. Optimization improves timing on the net.
INFO: [Physopt 32-619] Estimated Timing Summary | WNS=-1.443 | TNS=-7663.989 |
INFO: [Physopt 32-81] Processed net DUT/gen_layers[1].comp_inst/neuron_base_cnt_reg_n_0_[4]. Replicated 2 times.
INFO: [Physopt 32-735] Processed net DUT/gen_layers[1].comp_inst/neuron_base_cnt_reg_n_0_[4]. Optimization improves timing on the net.
INFO: [Physopt 32-619] Estimated Timing Summary | WNS=-1.442 | TNS=-7652.657 |
INFO: [Physopt 32-702] Processed net DUT/gen_layers[2].mem_inst/rd_data_threshold_reg[1][31]_0[4]. Optimizations did not improve timing on the net.
INFO: [Physopt 32-663] Processed net DUT/gen_layers[1].gen_store_padded.layer_start_pulse_reg_n_0_[2].  Re-placed instance DUT/gen_layers[1].gen_store_padded.layer_start_pulse_reg[2]
INFO: [Physopt 32-735] Processed net DUT/gen_layers[1].gen_store_padded.layer_start_pulse_reg_n_0_[2]. Optimization improves timing on the net.
INFO: [Physopt 32-619] Estimated Timing Summary | WNS=-1.432 | TNS=-7647.147 |
INFO: [Physopt 32-663] Processed net DUT/gen_layers[1].comp_inst/neuron_base_cnt_reg_n_0_[5].  Re-placed instance DUT/gen_layers[1].comp_inst/neuron_base_cnt_reg[5]
INFO: [Physopt 32-735] Processed net DUT/gen_layers[1].comp_inst/neuron_base_cnt_reg_n_0_[5]. Optimization improves timing on the net.
INFO: [Physopt 32-619] Estimated Timing Summary | WNS=-1.430 | TNS=-7643.882 |
INFO: [Physopt 32-702] Processed net DUT/gen_layers[2].comp_inst/gen_np[4].np_inst/popcount_q[5]. Optimizations did not improve timing on the net.
INFO: [Physopt 32-81] Processed net DUT/gen_layers[2].comp_inst/np_x_q[60]. Replicated 2 times.
INFO: [Physopt 32-735] Processed net DUT/gen_layers[2].comp_inst/np_x_q[60]. Optimization improves timing on the net.
INFO: [Physopt 32-619] Estimated Timing Summary | WNS=-1.427 | TNS=-7644.278 |
INFO: [Physopt 32-81] Processed net DUT/gen_layers[1].comp_inst/neuron_base_cnt_reg_n_0_[7]_repN. Replicated 1 times.
INFO: [Physopt 32-735] Processed net DUT/gen_layers[1].comp_inst/neuron_base_cnt_reg_n_0_[7]_repN. Optimization improves timing on the net.
INFO: [Physopt 32-619] Estimated Timing Summary | WNS=-1.424 | TNS=-7635.495 |
INFO: [Physopt 32-81] Processed net DUT/image_ready. Replicated 2 times.
INFO: [Physopt 32-735] Processed net DUT/image_ready. Optimization improves timing on the net.
INFO: [Physopt 32-619] Estimated Timing Summary | WNS=-1.424 | TNS=-7609.583 |
INFO: [Physopt 32-81] Processed net DUT/gen_layers[1].comp_inst/state[2]. Replicated 7 times.
INFO: [Physopt 32-735] Processed net DUT/gen_layers[1].comp_inst/state[2]. Optimization improves timing on the net.
INFO: [Physopt 32-619] Estimated Timing Summary | WNS=-1.411 | TNS=-7378.035 |
INFO: [Physopt 32-663] Processed net DUT/gen_layers[1].comp_inst/state[1].  Re-placed instance DUT/gen_layers[1].comp_inst/FSM_sequential_state_reg[1]
INFO: [Physopt 32-735] Processed net DUT/gen_layers[1].comp_inst/state[1]. Optimization improves timing on the net.
INFO: [Physopt 32-619] Estimated Timing Summary | WNS=-1.410 | TNS=-7377.637 |
INFO: [Physopt 32-702] Processed net DUT/gen_layers[1].comp_inst/neuron_base_cnt_reg_n_0_[3]. Optimizations did not improve timing on the net.
INFO: [Physopt 32-663] Processed net DUT/gen_layers[1].mem_inst/rd_data_threshold[1][21]_i_2_n_0.  Re-placed instance DUT/gen_layers[1].mem_inst/rd_data_threshold[1][21]_i_2
INFO: [Physopt 32-735] Processed net DUT/gen_layers[1].mem_inst/rd_data_threshold[1][21]_i_2_n_0. Optimization improves timing on the net.
INFO: [Physopt 32-619] Estimated Timing Summary | WNS=-1.409 | TNS=-7377.590 |
INFO: [Physopt 32-702] Processed net DUT/gen_layers[2].mem_inst/rd_data_threshold_reg[3][31]_0[7]. Optimizations did not improve timing on the net.
INFO: [Physopt 32-81] Processed net DUT/gen_layers[2].comp_inst/neuron_base_cnt_reg_n_0_[8]. Replicated 5 times.
INFO: [Physopt 32-735] Processed net DUT/gen_layers[2].comp_inst/neuron_base_cnt_reg_n_0_[8]. Optimization improves timing on the net.
INFO: [Physopt 32-619] Estimated Timing Summary | WNS=-1.409 | TNS=-7267.638 |
INFO: [Physopt 32-702] Processed net DUT/gen_layers[1].mem_inst/rd_data_threshold_reg[1][31]_0[7]. Optimizations did not improve timing on the net.
INFO: [Physopt 32-663] Processed net DUT/gen_layers[1].mem_inst/rd_data_threshold[1][7]_i_2_n_0.  Re-placed instance DUT/gen_layers[1].mem_inst/rd_data_threshold[1][7]_i_2
INFO: [Physopt 32-735] Processed net DUT/gen_layers[1].mem_inst/rd_data_threshold[1][7]_i_2_n_0. Optimization improves timing on the net.
INFO: [Physopt 32-619] Estimated Timing Summary | WNS=-1.404 | TNS=-7267.538 |
INFO: [Physopt 32-702] Processed net DUT/gen_layers[1].mem_inst/rd_data_threshold_reg[3][31]_0[22]. Optimizations did not improve timing on the net.
INFO: [Physopt 32-663] Processed net DUT/gen_layers[1].mem_inst/rd_data_threshold[3][22]_i_2_n_0.  Re-placed instance DUT/gen_layers[1].mem_inst/rd_data_threshold[3][22]_i_2
INFO: [Physopt 32-735] Processed net DUT/gen_layers[1].mem_inst/rd_data_threshold[3][22]_i_2_n_0. Optimization improves timing on the net.
INFO: [Physopt 32-619] Estimated Timing Summary | WNS=-1.403 | TNS=-7267.477 |
INFO: [Physopt 32-702] Processed net DUT/gen_layers[1].mem_inst/rd_data_threshold_reg[1][31]_0[9]. Optimizations did not improve timing on the net.
INFO: [Physopt 32-663] Processed net DUT/gen_layers[1].mem_inst/rd_data_threshold[1][9]_i_2_n_0.  Re-placed instance DUT/gen_layers[1].mem_inst/rd_data_threshold[1][9]_i_2
INFO: [Physopt 32-735] Processed net DUT/gen_layers[1].mem_inst/rd_data_threshold[1][9]_i_2_n_0. Optimization improves timing on the net.
INFO: [Physopt 32-619] Estimated Timing Summary | WNS=-1.402 | TNS=-7267.476 |
INFO: [Physopt 32-702] Processed net DUT/gen_layers[1].mem_inst/rd_data_threshold_reg[3][31]_0[5]. Optimizations did not improve timing on the net.
INFO: [Physopt 32-663] Processed net DUT/gen_layers[1].mem_inst/rd_data_threshold[3][5]_i_2_n_0.  Re-placed instance DUT/gen_layers[1].mem_inst/rd_data_threshold[3][5]_i_2
INFO: [Physopt 32-735] Processed net DUT/gen_layers[1].mem_inst/rd_data_threshold[3][5]_i_2_n_0. Optimization improves timing on the net.
INFO: [Physopt 32-619] Estimated Timing Summary | WNS=-1.401 | TNS=-7267.441 |
INFO: [Physopt 32-710] Processed net DUT/gen_layers[1].mem_inst/rd_data_threshold__0[9]. Critical path length was reduced through logic transformation on cell DUT/gen_layers[1].mem_inst/rd_data_threshold[1][9]_i_1__0_comp.
INFO: [Physopt 32-735] Processed net DUT/gen_layers[1].mem_inst/rd_data_threshold[1][9]_i_2_n_0. Optimization improves timing on the net.
INFO: [Physopt 32-619] Estimated Timing Summary | WNS=-1.394 | TNS=-7267.432 |
INFO: [Physopt 32-702] Processed net DUT/gen_layers[1].mem_inst/rd_data_threshold_reg[3][31]_0[20]. Optimizations did not improve timing on the net.
INFO: [Physopt 32-710] Processed net DUT/gen_layers[1].mem_inst/rd_data_threshold[20]. Critical path length was reduced through logic transformation on cell DUT/gen_layers[1].mem_inst/rd_data_threshold[3][20]_i_1__0_comp.
INFO: [Physopt 32-735] Processed net DUT/gen_layers[1].mem_inst/rd_data_threshold[1][31]_i_2__0_n_0. Optimization improves timing on the net.
INFO: [Physopt 32-619] Estimated Timing Summary | WNS=-1.394 | TNS=-7267.427 |
INFO: [Physopt 32-608] Optimized 1 net.  Swapped 39 pins.
INFO: [Physopt 32-735] Processed net DUT/gen_layers[1].mem_inst/rd_data_threshold[1][31]_i_3__0_n_0. Optimization improves timing on the net.
INFO: [Physopt 32-619] Estimated Timing Summary | WNS=-1.393 | TNS=-7267.335 |
INFO: [Physopt 32-702] Processed net DUT/gen_layers[1].mem_inst/rd_data_threshold_reg[1][31]_0[14]. Optimizations did not improve timing on the net.
INFO: [Physopt 32-702] Processed net DUT/gen_layers[1].comp_inst/neuron_base_cnt_reg_n_0_[3]. Optimizations did not improve timing on the net.
INFO: [Physopt 32-663] Processed net DUT/gen_layers[1].mem_inst/rd_data_threshold[1][14]_i_2_n_0.  Re-placed instance DUT/gen_layers[1].mem_inst/rd_data_threshold[1][14]_i_2
INFO: [Physopt 32-735] Processed net DUT/gen_layers[1].mem_inst/rd_data_threshold[1][14]_i_2_n_0. Optimization improves timing on the net.
INFO: [Physopt 32-619] Estimated Timing Summary | WNS=-1.392 | TNS=-7267.320 |
INFO: [Physopt 32-702] Processed net DUT/gen_layers[1].mem_inst/rd_data_threshold_reg[3][31]_0[14]. Optimizations did not improve timing on the net.
INFO: [Physopt 32-663] Processed net DUT/gen_layers[1].mem_inst/rd_data_threshold[3][14]_i_2_n_0.  Re-placed instance DUT/gen_layers[1].mem_inst/rd_data_threshold[3][14]_i_2
INFO: [Physopt 32-735] Processed net DUT/gen_layers[1].mem_inst/rd_data_threshold[3][14]_i_2_n_0. Optimization improves timing on the net.
INFO: [Physopt 32-619] Estimated Timing Summary | WNS=-1.392 | TNS=-7267.317 |
INFO: [Physopt 32-702] Processed net DUT/gen_layers[1].mem_inst/rd_data_threshold_reg[1][31]_0[9]. Optimizations did not improve timing on the net.
INFO: [Physopt 32-663] Processed net DUT/gen_layers[1].mem_inst/rd_data_threshold[1][9]_i_2_n_0.  Re-placed instance DUT/gen_layers[1].mem_inst/rd_data_threshold[1][9]_i_2_comp_1
INFO: [Physopt 32-735] Processed net DUT/gen_layers[1].mem_inst/rd_data_threshold[1][9]_i_2_n_0. Optimization improves timing on the net.
INFO: [Physopt 32-619] Estimated Timing Summary | WNS=-1.392 | TNS=-7267.211 |
INFO: [Physopt 32-702] Processed net DUT/gen_layers[1].comp_inst/gen_np[4].np_inst/popcount_q[3]. Optimizations did not improve timing on the net.
INFO: [Physopt 32-663] Processed net DUT/gen_layers[1].comp_inst/np_x_q[12].  Re-placed instance DUT/gen_layers[1].comp_inst/np_x_q_reg[12]
INFO: [Physopt 32-735] Processed net DUT/gen_layers[1].comp_inst/np_x_q[12]. Optimization improves timing on the net.
INFO: [Physopt 32-619] Estimated Timing Summary | WNS=-1.391 | TNS=-7267.402 |
INFO: [Physopt 32-702] Processed net DUT/gen_layers[1].mem_inst/rd_data_threshold_reg[3][31]_0[20]. Optimizations did not improve timing on the net.
INFO: [Physopt 32-702] Processed net DUT/gen_layers[1].mem_inst/rd_data_threshold[1][31]_i_2__0_n_0_repN_1. Optimizations did not improve timing on the net.
INFO: [Physopt 32-702] Processed net DUT/gen_layers[1].mem_inst/rd_data_threshold[1][31]_i_7_n_0. Optimizations did not improve timing on the net.
INFO: [Physopt 32-608] Optimized 1 net.  Swapped 42 pins.
INFO: [Physopt 32-735] Processed net DUT/gen_layers[1].mem_inst/rd_data_threshold[1][31]_i_30__0_n_0. Optimization improves timing on the net.
INFO: [Physopt 32-619] Estimated Timing Summary | WNS=-1.391 | TNS=-7267.180 |
INFO: [Physopt 32-702] Processed net DUT/gen_layers[1].mem_inst/rd_data_threshold_reg[3][31]_0[7]. Optimizations did not improve timing on the net.
INFO: [Physopt 32-663] Processed net DUT/gen_layers[1].mem_inst/rd_data_threshold[3][7]_i_2_n_0.  Re-placed instance DUT/gen_layers[1].mem_inst/rd_data_threshold[3][7]_i_2
INFO: [Physopt 32-735] Processed net DUT/gen_layers[1].mem_inst/rd_data_threshold[3][7]_i_2_n_0. Optimization improves timing on the net.
INFO: [Physopt 32-619] Estimated Timing Summary | WNS=-1.390 | TNS=-7267.136 |
INFO: [Physopt 32-608] Optimized 1 net.  Swapped 43 pins.
INFO: [Physopt 32-735] Processed net DUT/gen_layers[1].mem_inst/rd_data_threshold[1][31]_i_2__0_n_0. Optimization improves timing on the net.
INFO: [Physopt 32-619] Estimated Timing Summary | WNS=-1.389 | TNS=-7266.749 |
INFO: [Physopt 32-702] Processed net DUT/gen_layers[1].mem_inst/rd_data_threshold[1][31]_i_3__0_n_0. Optimizations did not improve timing on the net.
INFO: [Physopt 32-702] Processed net DUT/gen_layers[1].mem_inst/rd_data_threshold[1][31]_i_12__0_n_0. Optimizations did not improve timing on the net.
INFO: [Physopt 32-663] Processed net DUT/gen_layers[1].mem_inst/rd_data_threshold[1][31]_i_51__0_n_0.  Re-placed instance DUT/gen_layers[1].mem_inst/rd_data_threshold[1][31]_i_51__0
INFO: [Physopt 32-735] Processed net DUT/gen_layers[1].mem_inst/rd_data_threshold[1][31]_i_51__0_n_0. Optimization improves timing on the net.
INFO: [Physopt 32-619] Estimated Timing Summary | WNS=-1.387 | TNS=-7265.909 |
INFO: [Physopt 32-702] Processed net DUT/gen_layers[1].mem_inst/rd_data_threshold_reg[1][31]_0[27]. Optimizations did not improve timing on the net.
INFO: [Physopt 32-663] Processed net DUT/gen_layers[1].mem_inst/rd_data_threshold[1][27]_i_2_n_0.  Re-placed instance DUT/gen_layers[1].mem_inst/rd_data_threshold[1][27]_i_2
INFO: [Physopt 32-735] Processed net DUT/gen_layers[1].mem_inst/rd_data_threshold[1][27]_i_2_n_0. Optimization improves timing on the net.
INFO: [Physopt 32-619] Estimated Timing Summary | WNS=-1.387 | TNS=-7265.838 |
INFO: [Physopt 32-702] Processed net DUT/gen_layers[1].mem_inst/gen_weight_ports[5].weight_word_addr_hi_issue_reg_n_0_[5][9]. Optimizations did not improve timing on the net.
INFO: [Physopt 32-608] Optimized 1 net.  Swapped 62 pins.
INFO: [Physopt 32-735] Processed net DUT/gen_layers[1].comp_inst/rst_1. Optimization improves timing on the net.
INFO: [Physopt 32-619] Estimated Timing Summary | WNS=-1.383 | TNS=-7265.478 |
INFO: [Physopt 32-619] Estimated Timing Summary | WNS=-1.383 | TNS=-7265.478 |
Phase 3 Critical Path Optimization | Checksum: 15e9e5f3f

Time (s): cpu = 00:00:56 ; elapsed = 00:00:36 . Memory (MB): peak = 7283.383 ; gain = 0.000 ; free physical = 10947 ; free virtual = 73393

Phase 4 Critical Path Optimization
INFO: [Physopt 32-619] Estimated Timing Summary | WNS=-1.383 | TNS=-7265.478 |
INFO: [Physopt 32-702] Processed net DUT/gen_layers[2].comp_inst/gen_np[1].np_inst/popcount_q[4]. Optimizations did not improve timing on the net.
INFO: [Physopt 32-81] Processed net DUT/gen_layers[2].comp_inst/np_x_q[61]. Replicated 1 times.
INFO: [Physopt 32-735] Processed net DUT/gen_layers[2].comp_inst/np_x_q[61]. Optimization improves timing on the net.
INFO: [Physopt 32-619] Estimated Timing Summary | WNS=-1.383 | TNS=-7265.787 |
INFO: [Physopt 32-702] Processed net DUT/gen_layers[1].comp_inst/gen_np[5].np_inst/popcount_q[6]. Optimizations did not improve timing on the net.
INFO: [Physopt 32-81] Processed net DUT/gen_layers[1].comp_inst/np_x_q[56]. Replicated 2 times.
INFO: [Physopt 32-735] Processed net DUT/gen_layers[1].comp_inst/np_x_q[56]. Optimization improves timing on the net.
INFO: [Physopt 32-619] Estimated Timing Summary | WNS=-1.382 | TNS=-7266.870 |
INFO: [Physopt 32-702] Processed net DUT/gen_layers[1].mem_inst/gen_weight_ports[2].weight_word_addr_hi_issue_reg_n_0_[2][6]. Optimizations did not improve timing on the net.
INFO: [Physopt 32-702] Processed net DUT/gen_layers[1].comp_inst/neuron_base_cnt_reg_n_0_[3]. Optimizations did not improve timing on the net.
INFO: [Physopt 32-702] Processed net DUT/gen_layers[1].comp_inst/gen_np[1].np_inst/neuron_base_word_addr_reg[9]. Optimizations did not improve timing on the net.
INFO: [Physopt 32-702] Processed net DUT/gen_layers[1].comp_inst/gen_weight_ports[2].weight_word_addr_lo_issue[2][11]_i_2_n_0. Optimizations did not improve timing on the net.
INFO: [Physopt 32-81] Processed net DUT/gen_layers[1].comp_inst/gen_weight_ports[0].start_word_addr_ext[7]. Replicated 2 times.
INFO: [Physopt 32-735] Processed net DUT/gen_layers[1].comp_inst/gen_weight_ports[0].start_word_addr_ext[7]. Optimization improves timing on the net.
INFO: [Physopt 32-619] Estimated Timing Summary | WNS=-1.381 | TNS=-7266.605 |
INFO: [Physopt 32-608] Optimized 1 net.  Swapped 39 pins.
INFO: [Physopt 32-735] Processed net DUT/gen_layers[1].comp_inst/gen_weight_ports[0].start_word_addr_ext[7]_repN. Optimization improves timing on the net.
INFO: [Physopt 32-619] Estimated Timing Summary | WNS=-1.380 | TNS=-7266.551 |
INFO: [Physopt 32-702] Processed net DUT/gen_layers[1].mem_inst/rd_data_threshold_reg[3][31]_0[26]. Optimizations did not improve timing on the net.
INFO: [Physopt 32-663] Processed net DUT/gen_layers[1].mem_inst/rd_data_threshold[3][26]_i_2_n_0.  Re-placed instance DUT/gen_layers[1].mem_inst/rd_data_threshold[3][26]_i_2
INFO: [Physopt 32-735] Processed net DUT/gen_layers[1].mem_inst/rd_data_threshold[3][26]_i_2_n_0. Optimization improves timing on the net.
INFO: [Physopt 32-619] Estimated Timing Summary | WNS=-1.379 | TNS=-7266.543 |
INFO: [Physopt 32-702] Processed net DUT/gen_layers[1].mem_inst/rd_data_threshold_reg[1][31]_0[16]. Optimizations did not improve timing on the net.
INFO: [Physopt 32-663] Processed net DUT/gen_layers[1].mem_inst/rd_data_threshold[1][16]_i_2_n_0.  Re-placed instance DUT/gen_layers[1].mem_inst/rd_data_threshold[1][16]_i_2
INFO: [Physopt 32-735] Processed net DUT/gen_layers[1].mem_inst/rd_data_threshold[1][16]_i_2_n_0. Optimization improves timing on the net.
INFO: [Physopt 32-619] Estimated Timing Summary | WNS=-1.379 | TNS=-7266.493 |
INFO: [Physopt 32-702] Processed net DUT/gen_layers[1].mem_inst/rd_data_threshold_reg[3][31]_0[9]. Optimizations did not improve timing on the net.
INFO: [Physopt 32-663] Processed net DUT/gen_layers[1].mem_inst/rd_data_threshold[3][9]_i_2_n_0.  Re-placed instance DUT/gen_layers[1].mem_inst/rd_data_threshold[3][9]_i_2
INFO: [Physopt 32-735] Processed net DUT/gen_layers[1].mem_inst/rd_data_threshold[3][9]_i_2_n_0. Optimization improves timing on the net.
INFO: [Physopt 32-619] Estimated Timing Summary | WNS=-1.378 | TNS=-7266.401 |
INFO: [Physopt 32-81] Processed net DUT/gen_layers[1].comp_inst/gen_weight_ports[0].start_word_addr_ext[5]. Replicated 1 times.
INFO: [Physopt 32-735] Processed net DUT/gen_layers[1].comp_inst/gen_weight_ports[0].start_word_addr_ext[5]. Optimization improves timing on the net.
INFO: [Physopt 32-619] Estimated Timing Summary | WNS=-1.378 | TNS=-7266.329 |
INFO: [Physopt 32-702] Processed net DUT/gen_layers[2].comp_inst/gen_np[3].np_inst/popcount_q[5]. Optimizations did not improve timing on the net.
INFO: [Physopt 32-81] Processed net DUT/gen_layers[2].comp_inst/np_x_q[43]. Replicated 1 times.
INFO: [Physopt 32-735] Processed net DUT/gen_layers[2].comp_inst/np_x_q[43]. Optimization improves timing on the net.
INFO: [Physopt 32-619] Estimated Timing Summary | WNS=-1.377 | TNS=-7266.640 |
INFO: [Physopt 32-81] Processed net DUT/gen_layers[1].comp_inst/gen_weight_ports[0].start_word_addr_ext[5]. Replicated 1 times.
INFO: [Physopt 32-735] Processed net DUT/gen_layers[1].comp_inst/gen_weight_ports[0].start_word_addr_ext[5]. Optimization improves timing on the net.
INFO: [Physopt 32-619] Estimated Timing Summary | WNS=-1.374 | TNS=-7267.154 |
INFO: [Physopt 32-702] Processed net DUT/gen_layers[1].mem_inst/rd_data_threshold_reg[1][31]_0[0]. Optimizations did not improve timing on the net.
INFO: [Physopt 32-702] Processed net DUT/gen_layers[1].comp_inst/neuron_base_cnt_reg_n_0_[3]. Optimizations did not improve timing on the net.
INFO: [Physopt 32-663] Processed net DUT/gen_layers[1].mem_inst/rd_data_threshold[1][0]_i_2_n_0.  Re-placed instance DUT/gen_layers[1].mem_inst/rd_data_threshold[1][0]_i_2
INFO: [Physopt 32-735] Processed net DUT/gen_layers[1].mem_inst/rd_data_threshold[1][0]_i_2_n_0. Optimization improves timing on the net.
INFO: [Physopt 32-619] Estimated Timing Summary | WNS=-1.372 | TNS=-7267.090 |
INFO: [Physopt 32-702] Processed net DUT/gen_layers[1].mem_inst/rd_data_threshold_reg[3][31]_0[26]. Optimizations did not improve timing on the net.
INFO: [Physopt 32-702] Processed net DUT/gen_layers[1].mem_inst/rd_data_threshold[3][26]_i_2_n_0. Optimizations did not improve timing on the net.
INFO: [Physopt 32-702] Processed net DUT/gen_layers[1].mem_inst/rd_data_threshold[1][31]_i_18__0_n_0. Optimizations did not improve timing on the net.
INFO: [Physopt 32-702] Processed net DUT/gen_layers[1].mem_inst/rd_data_threshold[1][31]_i_47__0_n_0. Optimizations did not improve timing on the net.
INFO: [Physopt 32-608] Optimized 1 net.  Swapped 44 pins.
INFO: [Physopt 32-735] Processed net DUT/gen_layers[1].mem_inst/rd_data_threshold[1][31]_i_92__0_n_0. Optimization improves timing on the net.
INFO: [Physopt 32-619] Estimated Timing Summary | WNS=-1.372 | TNS=-7266.331 |
INFO: [Physopt 32-702] Processed net DUT/gen_layers[2].comp_inst/gen_np[4].np_inst/popcount_q[5]. Optimizations did not improve timing on the net.
INFO: [Physopt 32-663] Processed net DUT/gen_layers[2].comp_inst/np_x_q[30].  Re-placed instance DUT/gen_layers[2].comp_inst/np_x_q_reg[30]
INFO: [Physopt 32-735] Processed net DUT/gen_layers[2].comp_inst/np_x_q[30]. Optimization improves timing on the net.
INFO: [Physopt 32-619] Estimated Timing Summary | WNS=-1.370 | TNS=-7266.583 |
INFO: [Physopt 32-702] Processed net DUT/gen_layers[1].mem_inst/gen_weight_ports[2].weight_word_addr_hi_issue_reg_n_0_[2][6]. Optimizations did not improve timing on the net.
INFO: [Physopt 32-702] Processed net DUT/gen_layers[1].comp_inst/gen_np[1].np_inst/neuron_base_word_addr_reg[9]. Optimizations did not improve timing on the net.
INFO: [Physopt 32-702] Processed net DUT/gen_layers[1].comp_inst/gen_weight_ports[2].weight_word_addr_lo_issue[2][11]_i_2_n_0. Optimizations did not improve timing on the net.
INFO: [Physopt 32-702] Processed net DUT/gen_layers[1].comp_inst/gen_weight_ports[0].start_word_addr_ext[5]. Optimizations did not improve timing on the net.
INFO: [Physopt 32-702] Processed net DUT/gen_layers[1].mem_inst/neuron_base_word_addr_req[5]. Optimizations did not improve timing on the net.
INFO: [Physopt 32-702] Processed net DUT/gen_layers[1].mem_inst/gen_weight_ports[3].weight_word_addr_lo_issue[3][5]_i_10_n_0. Optimizations did not improve timing on the net.
INFO: [Physopt 32-702] Processed net DUT/gen_layers[1].comp_inst/gen_np[1].np_inst/FSM_sequential_state_reg[0]. Optimizations did not improve timing on the net.
INFO: [Physopt 32-702] Processed net DUT/gen_layers[1].comp_inst/FSM_sequential_state[1]_i_2__0_n_0. Optimizations did not improve timing on the net.
INFO: [Physopt 32-608] Optimized 1 net.  Swapped 50 pins.
INFO: [Physopt 32-735] Processed net DUT/gen_layers[1].comp_inst/gen_np[1].np_inst/rst_10[0]. Optimization improves timing on the net.
INFO: [Physopt 32-619] Estimated Timing Summary | WNS=-1.364 | TNS=-7266.136 |
INFO: [Physopt 32-702] Processed net DUT/gen_layers[2].comp_inst/gen_np[0].np_inst/popcount_q[4]. Optimizations did not improve timing on the net.
INFO: [Physopt 32-663] Processed net DUT/gen_layers[2].comp_inst/np_x_q[46].  Re-placed instance DUT/gen_layers[2].comp_inst/np_x_q_reg[46]
INFO: [Physopt 32-735] Processed net DUT/gen_layers[2].comp_inst/np_x_q[46]. Optimization improves timing on the net.
INFO: [Physopt 32-619] Estimated Timing Summary | WNS=-1.362 | TNS=-7265.671 |
INFO: [Physopt 32-702] Processed net DUT/gen_layers[2].comp_inst/gen_np[1].np_inst/popcount_q[6]. Optimizations did not improve timing on the net.
INFO: [Physopt 32-663] Processed net DUT/gen_layers[2].comp_inst/np_x_q[59].  Re-placed instance DUT/gen_layers[2].comp_inst/np_x_q_reg[59]
INFO: [Physopt 32-735] Processed net DUT/gen_layers[2].comp_inst/np_x_q[59]. Optimization improves timing on the net.
INFO: [Physopt 32-619] Estimated Timing Summary | WNS=-1.360 | TNS=-7265.731 |
INFO: [Physopt 32-702] Processed net DUT/gen_layers[1].mem_inst/rd_data_threshold_reg[3][31]_0[20]. Optimizations did not improve timing on the net.
INFO: [Physopt 32-702] Processed net DUT/gen_layers[1].mem_inst/rd_data_threshold[1][31]_i_2__0_n_0_repN_1. Optimizations did not improve timing on the net.
INFO: [Physopt 32-702] Processed net DUT/gen_layers[1].mem_inst/rd_data_threshold[1][31]_i_6__0_n_0. Optimizations did not improve timing on the net.
INFO: [Physopt 32-608] Optimized 1 net.  Swapped 40 pins.
INFO: [Physopt 32-735] Processed net DUT/gen_layers[1].mem_inst/rd_data_threshold[1][31]_i_27__0_n_0. Optimization improves timing on the net.
INFO: [Physopt 32-619] Estimated Timing Summary | WNS=-1.360 | TNS=-7265.716 |
INFO: [Physopt 32-702] Processed net DUT/gen_layers[2].mem_inst/rd_data_threshold_reg[3][31]_0[7]. Optimizations did not improve timing on the net.
INFO: [Physopt 32-663] Processed net DUT/gen_layers[2].comp_inst/neuron_base_cnt_reg_n_0_[7].  Re-placed instance DUT/gen_layers[2].comp_inst/neuron_base_cnt_reg[7]
INFO: [Physopt 32-735] Processed net DUT/gen_layers[2].comp_inst/neuron_base_cnt_reg_n_0_[7]. Optimization improves timing on the net.
INFO: [Physopt 32-619] Estimated Timing Summary | WNS=-1.357 | TNS=-7263.886 |
INFO: [Physopt 32-702] Processed net DUT/gen_layers[2].comp_inst/neuron_base_cnt_reg_n_0_[7]. Optimizations did not improve timing on the net.
INFO: [Physopt 32-702] Processed net DUT/gen_layers[2].mem_inst/threshold_mem_reg_r5_0_127_39_39/DPO. Optimizations did not improve timing on the net.
INFO: [Physopt 32-608] Optimized 1 net.  Swapped 41 pins.
INFO: [Physopt 32-735] Processed net DUT/gen_layers[2].comp_inst/gen_np[6].np_inst/p_3_in[3]. Optimization improves timing on the net.
INFO: [Physopt 32-619] Estimated Timing Summary | WNS=-1.357 | TNS=-7263.220 |
INFO: [Physopt 32-702] Processed net DUT/gen_layers[1].mem_inst/gen_weight_ports[5].weight_word_addr_hi_issue_reg_n_0_[5][9]. Optimizations did not improve timing on the net.
INFO: [Physopt 32-702] Processed net DUT/gen_layers[1].comp_inst/rst_1. Optimizations did not improve timing on the net.
INFO: [Physopt 32-663] Processed net DUT/gen_layers[1].comp_inst/gen_weight_ports[5].weight_hi_valid_issue[5]_i_8_n_0.  Re-placed instance DUT/gen_layers[1].comp_inst/gen_weight_ports[5].weight_hi_valid_issue[5]_i_8
INFO: [Physopt 32-735] Processed net DUT/gen_layers[1].comp_inst/gen_weight_ports[5].weight_hi_valid_issue[5]_i_8_n_0. Optimization improves timing on the net.
INFO: [Physopt 32-619] Estimated Timing Summary | WNS=-1.356 | TNS=-7262.612 |
INFO: [Physopt 32-619] Estimated Timing Summary | WNS=-1.356 | TNS=-7262.612 |
Phase 4 Critical Path Optimization | Checksum: 15e9e5f3f

Time (s): cpu = 00:01:19 ; elapsed = 00:00:48 . Memory (MB): peak = 7283.383 ; gain = 0.000 ; free physical = 11015 ; free virtual = 73453
Netlist sorting complete. Time (s): cpu = 00:00:00.10 ; elapsed = 00:00:00.10 . Memory (MB): peak = 7283.383 ; gain = 0.000 ; free physical = 11015 ; free virtual = 73453
Netlist sorting complete. Time (s): cpu = 00:00:00.01 ; elapsed = 00:00:00 . Memory (MB): peak = 7283.383 ; gain = 0.000 ; free physical = 11014 ; free virtual = 73452
INFO: [Physopt 32-603] Post Physical Optimization Timing Summary | WNS=-1.356 | TNS=-7262.612 |

Summary of Physical Synthesis Optimizations
============================================


-------------------------------------------------------------------------------------------------------------------------------------------------------------
|  Optimization   |  WNS Gain (ns)  |  TNS Gain (ns)  |  Added Cells  |  Removed Cells  |  Optimized Cells/Nets  |  Dont Touch  |  Iterations  |  Elapsed   |
-------------------------------------------------------------------------------------------------------------------------------------------------------------
|  DSP Register   |          0.000  |          0.000  |            0  |              0  |                     0  |           0  |           1  |  00:00:00  |
|  Critical Path  |          0.150  |        487.497  |           58  |              0  |                    59  |           0  |           2  |  00:00:38  |
|  Total          |          0.150  |        487.497  |           58  |              0  |                    59  |           0  |           3  |  00:00:38  |
-------------------------------------------------------------------------------------------------------------------------------------------------------------


Netlist sorting complete. Time (s): cpu = 00:00:00 ; elapsed = 00:00:00 . Memory (MB): peak = 7283.383 ; gain = 0.000 ; free physical = 11015 ; free virtual = 73454
Ending Physical Synthesis Task | Checksum: 2988596b7

Time (s): cpu = 00:01:20 ; elapsed = 00:00:49 . Memory (MB): peak = 7283.383 ; gain = 0.000 ; free physical = 11016 ; free virtual = 73454
INFO: [Common 17-83] Releasing license: Implementation
249 Infos, 0 Warnings, 0 Critical Warnings and 0 Errors encountered.
phys_opt_design completed successfully
phys_opt_design: Time (s): cpu = 00:01:20 ; elapsed = 00:00:49 . Memory (MB): peak = 7283.383 ; gain = 0.000 ; free physical = 11269 ; free virtual = 73708
# write_checkpoint -force $output_dir/post_place.dcp
INFO: [Timing 38-480] Writing timing data to binary archive.
Writing placer database...
Writing XDEF routing.
Writing XDEF routing logical nets.
Writing XDEF routing special nets.
Write XDEF Complete: Time (s): cpu = 00:00:03 ; elapsed = 00:00:01 . Memory (MB): peak = 7283.383 ; gain = 0.000 ; free physical = 11225 ; free virtual = 73692
INFO: [Common 17-1381] The checkpoint '/ecel/UFAD/ymahmud/bnn_fcc_contest/openflex/build_vivado/outputs/post_place.dcp' has been generated.
write_checkpoint: Time (s): cpu = 00:00:08 ; elapsed = 00:00:07 . Memory (MB): peak = 7283.383 ; gain = 0.000 ; free physical = 11250 ; free virtual = 73695
# report_utilization -file $output_dir/post_place_util.rpt
# report_timing_summary -file $output_dir/post_place_timing_summary.rpt
# route_design
Command: route_design
Attempting to get a license for feature 'Implementation' and/or device 'xcu250'
INFO: [Common 17-349] Got license for feature 'Implementation' and/or device 'xcu250'
INFO: [DRC 23-27] Running DRC with 8 threads
INFO: [Vivado_Tcl 4-198] DRC finished with 0 Errors
INFO: [Vivado_Tcl 4-199] Please refer to the DRC report (report_drc) for more information.
Running DRC as a precondition to command route_design
INFO: [DRC 23-27] Running DRC with 8 threads
INFO: [Vivado_Tcl 4-198] DRC finished with 0 Errors
INFO: [Vivado_Tcl 4-199] Please refer to the DRC report (report_drc) for more information.


Starting Routing Task
INFO: [Route 35-254] Multithreading enabled for route_design using a maximum of 8 CPUs

Phase 1 Build RT Design
Checksum: PlaceDB: 861630b4 ConstDB: 0 ShapeSum: cdaf7491 RouteDB: 466b0f9c
Nodegraph reading from file.  Time (s): cpu = 00:00:02 ; elapsed = 00:00:02 . Memory (MB): peak = 7283.383 ; gain = 0.000 ; free physical = 10784 ; free virtual = 73233
WARNING: [Route 35-198] Port "rst" does not have an associated HD.PARTPIN_LOCS, which will prevent the partial routing of the signal "rst". Without this partial route, timing analysis to/from this port will not be accurate, and no routing information for this port can be exported.
WARNING: [Route 35-198] Port "data_in_data[55]" does not have an associated HD.PARTPIN_LOCS, which will prevent the partial routing of the signal "data_in_data[55]". Without this partial route, timing analysis to/from this port will not be accurate, and no routing information for this port can be exported.
WARNING: [Route 35-198] Port "data_in_keep[6]" does not have an associated HD.PARTPIN_LOCS, which will prevent the partial routing of the signal "data_in_keep[6]". Without this partial route, timing analysis to/from this port will not be accurate, and no routing information for this port can be exported.
WARNING: [Route 35-198] Port "config_data[36]" does not have an associated HD.PARTPIN_LOCS, which will prevent the partial routing of the signal "config_data[36]". Without this partial route, timing analysis to/from this port will not be accurate, and no routing information for this port can be exported.
WARNING: [Route 35-198] Port "config_data[58]" does not have an associated HD.PARTPIN_LOCS, which will prevent the partial routing of the signal "config_data[58]". Without this partial route, timing analysis to/from this port will not be accurate, and no routing information for this port can be exported.
WARNING: [Route 35-198] Port "config_data[44]" does not have an associated HD.PARTPIN_LOCS, which will prevent the partial routing of the signal "config_data[44]". Without this partial route, timing analysis to/from this port will not be accurate, and no routing information for this port can be exported.
WARNING: [Route 35-198] Port "config_data[48]" does not have an associated HD.PARTPIN_LOCS, which will prevent the partial routing of the signal "config_data[48]". Without this partial route, timing analysis to/from this port will not be accurate, and no routing information for this port can be exported.
WARNING: [Route 35-198] Port "config_data[60]" does not have an associated HD.PARTPIN_LOCS, which will prevent the partial routing of the signal "config_data[60]". Without this partial route, timing analysis to/from this port will not be accurate, and no routing information for this port can be exported.
WARNING: [Route 35-198] Port "config_data[62]" does not have an associated HD.PARTPIN_LOCS, which will prevent the partial routing of the signal "config_data[62]". Without this partial route, timing analysis to/from this port will not be accurate, and no routing information for this port can be exported.
WARNING: [Route 35-198] Port "config_data[37]" does not have an associated HD.PARTPIN_LOCS, which will prevent the partial routing of the signal "config_data[37]". Without this partial route, timing analysis to/from this port will not be accurate, and no routing information for this port can be exported.
WARNING: [Route 35-198] Port "config_data[50]" does not have an associated HD.PARTPIN_LOCS, which will prevent the partial routing of the signal "config_data[50]". Without this partial route, timing analysis to/from this port will not be accurate, and no routing information for this port can be exported.
WARNING: [Route 35-198] Port "config_data[43]" does not have an associated HD.PARTPIN_LOCS, which will prevent the partial routing of the signal "config_data[43]". Without this partial route, timing analysis to/from this port will not be accurate, and no routing information for this port can be exported.
WARNING: [Route 35-198] Port "config_data[57]" does not have an associated HD.PARTPIN_LOCS, which will prevent the partial routing of the signal "config_data[57]". Without this partial route, timing analysis to/from this port will not be accurate, and no routing information for this port can be exported.
WARNING: [Route 35-198] Port "config_data[59]" does not have an associated HD.PARTPIN_LOCS, which will prevent the partial routing of the signal "config_data[59]". Without this partial route, timing analysis to/from this port will not be accurate, and no routing information for this port can be exported.
WARNING: [Route 35-198] Port "config_data[47]" does not have an associated HD.PARTPIN_LOCS, which will prevent the partial routing of the signal "config_data[47]". Without this partial route, timing analysis to/from this port will not be accurate, and no routing information for this port can be exported.
WARNING: [Route 35-198] Port "config_data[20]" does not have an associated HD.PARTPIN_LOCS, which will prevent the partial routing of the signal "config_data[20]". Without this partial route, timing analysis to/from this port will not be accurate, and no routing information for this port can be exported.
WARNING: [Route 35-198] Port "config_data[15]" does not have an associated HD.PARTPIN_LOCS, which will prevent the partial routing of the signal "config_data[15]". Without this partial route, timing analysis to/from this port will not be accurate, and no routing information for this port can be exported.
WARNING: [Route 35-198] Port "config_data[4]" does not have an associated HD.PARTPIN_LOCS, which will prevent the partial routing of the signal "config_data[4]". Without this partial route, timing analysis to/from this port will not be accurate, and no routing information for this port can be exported.
WARNING: [Route 35-198] Port "config_data[40]" does not have an associated HD.PARTPIN_LOCS, which will prevent the partial routing of the signal "config_data[40]". Without this partial route, timing analysis to/from this port will not be accurate, and no routing information for this port can be exported.
WARNING: [Route 35-198] Port "config_data[46]" does not have an associated HD.PARTPIN_LOCS, which will prevent the partial routing of the signal "config_data[46]". Without this partial route, timing analysis to/from this port will not be accurate, and no routing information for this port can be exported.
WARNING: [Route 35-198] Port "config_data[52]" does not have an associated HD.PARTPIN_LOCS, which will prevent the partial routing of the signal "config_data[52]". Without this partial route, timing analysis to/from this port will not be accurate, and no routing information for this port can be exported.
WARNING: [Route 35-198] Port "config_data[56]" does not have an associated HD.PARTPIN_LOCS, which will prevent the partial routing of the signal "config_data[56]". Without this partial route, timing analysis to/from this port will not be accurate, and no routing information for this port can be exported.
WARNING: [Route 35-198] Port "config_data[9]" does not have an associated HD.PARTPIN_LOCS, which will prevent the partial routing of the signal "config_data[9]". Without this partial route, timing analysis to/from this port will not be accurate, and no routing information for this port can be exported.
WARNING: [Route 35-198] Port "config_data[29]" does not have an associated HD.PARTPIN_LOCS, which will prevent the partial routing of the signal "config_data[29]". Without this partial route, timing analysis to/from this port will not be accurate, and no routing information for this port can be exported.
WARNING: [Route 35-198] Port "config_data[11]" does not have an associated HD.PARTPIN_LOCS, which will prevent the partial routing of the signal "config_data[11]". Without this partial route, timing analysis to/from this port will not be accurate, and no routing information for this port can be exported.
WARNING: [Route 35-198] Port "config_data[30]" does not have an associated HD.PARTPIN_LOCS, which will prevent the partial routing of the signal "config_data[30]". Without this partial route, timing analysis to/from this port will not be accurate, and no routing information for this port can be exported.
WARNING: [Route 35-198] Port "config_data[35]" does not have an associated HD.PARTPIN_LOCS, which will prevent the partial routing of the signal "config_data[35]". Without this partial route, timing analysis to/from this port will not be accurate, and no routing information for this port can be exported.
WARNING: [Route 35-198] Port "config_data[6]" does not have an associated HD.PARTPIN_LOCS, which will prevent the partial routing of the signal "config_data[6]". Without this partial route, timing analysis to/from this port will not be accurate, and no routing information for this port can be exported.
WARNING: [Route 35-198] Port "config_data[3]" does not have an associated HD.PARTPIN_LOCS, which will prevent the partial routing of the signal "config_data[3]". Without this partial route, timing analysis to/from this port will not be accurate, and no routing information for this port can be exported.
WARNING: [Route 35-198] Port "config_data[10]" does not have an associated HD.PARTPIN_LOCS, which will prevent the partial routing of the signal "config_data[10]". Without this partial route, timing analysis to/from this port will not be accurate, and no routing information for this port can be exported.
WARNING: [Route 35-198] Port "config_data[12]" does not have an associated HD.PARTPIN_LOCS, which will prevent the partial routing of the signal "config_data[12]". Without this partial route, timing analysis to/from this port will not be accurate, and no routing information for this port can be exported.
WARNING: [Route 35-198] Port "config_data[13]" does not have an associated HD.PARTPIN_LOCS, which will prevent the partial routing of the signal "config_data[13]". Without this partial route, timing analysis to/from this port will not be accurate, and no routing information for this port can be exported.
WARNING: [Route 35-198] Port "config_data[7]" does not have an associated HD.PARTPIN_LOCS, which will prevent the partial routing of the signal "config_data[7]". Without this partial route, timing analysis to/from this port will not be accurate, and no routing information for this port can be exported.
WARNING: [Route 35-198] Port "config_data[8]" does not have an associated HD.PARTPIN_LOCS, which will prevent the partial routing of the signal "config_data[8]". Without this partial route, timing analysis to/from this port will not be accurate, and no routing information for this port can be exported.
WARNING: [Route 35-198] Port "config_data[0]" does not have an associated HD.PARTPIN_LOCS, which will prevent the partial routing of the signal "config_data[0]". Without this partial route, timing analysis to/from this port will not be accurate, and no routing information for this port can be exported.
WARNING: [Route 35-198] Port "config_data[14]" does not have an associated HD.PARTPIN_LOCS, which will prevent the partial routing of the signal "config_data[14]". Without this partial route, timing analysis to/from this port will not be accurate, and no routing information for this port can be exported.
WARNING: [Route 35-198] Port "config_data[16]" does not have an associated HD.PARTPIN_LOCS, which will prevent the partial routing of the signal "config_data[16]". Without this partial route, timing analysis to/from this port will not be accurate, and no routing information for this port can be exported.
WARNING: [Route 35-198] Port "config_data[18]" does not have an associated HD.PARTPIN_LOCS, which will prevent the partial routing of the signal "config_data[18]". Without this partial route, timing analysis to/from this port will not be accurate, and no routing information for this port can be exported.
WARNING: [Route 35-198] Port "config_data[1]" does not have an associated HD.PARTPIN_LOCS, which will prevent the partial routing of the signal "config_data[1]". Without this partial route, timing analysis to/from this port will not be accurate, and no routing information for this port can be exported.
WARNING: [Route 35-198] Port "config_data[26]" does not have an associated HD.PARTPIN_LOCS, which will prevent the partial routing of the signal "config_data[26]". Without this partial route, timing analysis to/from this port will not be accurate, and no routing information for this port can be exported.
WARNING: [Route 35-198] Port "config_data[28]" does not have an associated HD.PARTPIN_LOCS, which will prevent the partial routing of the signal "config_data[28]". Without this partial route, timing analysis to/from this port will not be accurate, and no routing information for this port can be exported.
WARNING: [Route 35-198] Port "config_data[31]" does not have an associated HD.PARTPIN_LOCS, which will prevent the partial routing of the signal "config_data[31]". Without this partial route, timing analysis to/from this port will not be accurate, and no routing information for this port can be exported.
WARNING: [Route 35-198] Port "config_data[32]" does not have an associated HD.PARTPIN_LOCS, which will prevent the partial routing of the signal "config_data[32]". Without this partial route, timing analysis to/from this port will not be accurate, and no routing information for this port can be exported.
WARNING: [Route 35-198] Port "config_data[34]" does not have an associated HD.PARTPIN_LOCS, which will prevent the partial routing of the signal "config_data[34]". Without this partial route, timing analysis to/from this port will not be accurate, and no routing information for this port can be exported.
WARNING: [Route 35-198] Port "config_data[39]" does not have an associated HD.PARTPIN_LOCS, which will prevent the partial routing of the signal "config_data[39]". Without this partial route, timing analysis to/from this port will not be accurate, and no routing information for this port can be exported.
WARNING: [Route 35-198] Port "config_data[49]" does not have an associated HD.PARTPIN_LOCS, which will prevent the partial routing of the signal "config_data[49]". Without this partial route, timing analysis to/from this port will not be accurate, and no routing information for this port can be exported.
WARNING: [Route 35-198] Port "config_data[51]" does not have an associated HD.PARTPIN_LOCS, which will prevent the partial routing of the signal "config_data[51]". Without this partial route, timing analysis to/from this port will not be accurate, and no routing information for this port can be exported.
WARNING: [Route 35-198] Port "config_data[55]" does not have an associated HD.PARTPIN_LOCS, which will prevent the partial routing of the signal "config_data[55]". Without this partial route, timing analysis to/from this port will not be accurate, and no routing information for this port can be exported.
WARNING: [Route 35-198] Port "config_data[61]" does not have an associated HD.PARTPIN_LOCS, which will prevent the partial routing of the signal "config_data[61]". Without this partial route, timing analysis to/from this port will not be accurate, and no routing information for this port can be exported.
WARNING: [Route 35-198] Port "config_data[22]" does not have an associated HD.PARTPIN_LOCS, which will prevent the partial routing of the signal "config_data[22]". Without this partial route, timing analysis to/from this port will not be accurate, and no routing information for this port can be exported.
WARNING: [Route 35-198] Port "config_data[42]" does not have an associated HD.PARTPIN_LOCS, which will prevent the partial routing of the signal "config_data[42]". Without this partial route, timing analysis to/from this port will not be accurate, and no routing information for this port can be exported.
WARNING: [Route 35-198] Port "config_data[33]" does not have an associated HD.PARTPIN_LOCS, which will prevent the partial routing of the signal "config_data[33]". Without this partial route, timing analysis to/from this port will not be accurate, and no routing information for this port can be exported.
WARNING: [Route 35-198] Port "config_data[25]" does not have an associated HD.PARTPIN_LOCS, which will prevent the partial routing of the signal "config_data[25]". Without this partial route, timing analysis to/from this port will not be accurate, and no routing information for this port can be exported.
WARNING: [Route 35-198] Port "config_data[38]" does not have an associated HD.PARTPIN_LOCS, which will prevent the partial routing of the signal "config_data[38]". Without this partial route, timing analysis to/from this port will not be accurate, and no routing information for this port can be exported.
WARNING: [Route 35-198] Port "config_data[54]" does not have an associated HD.PARTPIN_LOCS, which will prevent the partial routing of the signal "config_data[54]". Without this partial route, timing analysis to/from this port will not be accurate, and no routing information for this port can be exported.
WARNING: [Route 35-198] Port "config_data[53]" does not have an associated HD.PARTPIN_LOCS, which will prevent the partial routing of the signal "config_data[53]". Without this partial route, timing analysis to/from this port will not be accurate, and no routing information for this port can be exported.
WARNING: [Route 35-198] Port "config_data[63]" does not have an associated HD.PARTPIN_LOCS, which will prevent the partial routing of the signal "config_data[63]". Without this partial route, timing analysis to/from this port will not be accurate, and no routing information for this port can be exported.
WARNING: [Route 35-198] Port "config_data[19]" does not have an associated HD.PARTPIN_LOCS, which will prevent the partial routing of the signal "config_data[19]". Without this partial route, timing analysis to/from this port will not be accurate, and no routing information for this port can be exported.
WARNING: [Route 35-198] Port "config_data[41]" does not have an associated HD.PARTPIN_LOCS, which will prevent the partial routing of the signal "config_data[41]". Without this partial route, timing analysis to/from this port will not be accurate, and no routing information for this port can be exported.
WARNING: [Route 35-198] Port "config_data[45]" does not have an associated HD.PARTPIN_LOCS, which will prevent the partial routing of the signal "config_data[45]". Without this partial route, timing analysis to/from this port will not be accurate, and no routing information for this port can be exported.
WARNING: [Route 35-198] Port "config_data[17]" does not have an associated HD.PARTPIN_LOCS, which will prevent the partial routing of the signal "config_data[17]". Without this partial route, timing analysis to/from this port will not be accurate, and no routing information for this port can be exported.
WARNING: [Route 35-198] Port "config_data[21]" does not have an associated HD.PARTPIN_LOCS, which will prevent the partial routing of the signal "config_data[21]". Without this partial route, timing analysis to/from this port will not be accurate, and no routing information for this port can be exported.
WARNING: [Route 35-198] Port "config_data[23]" does not have an associated HD.PARTPIN_LOCS, which will prevent the partial routing of the signal "config_data[23]". Without this partial route, timing analysis to/from this port will not be accurate, and no routing information for this port can be exported.
WARNING: [Route 35-198] Port "config_data[24]" does not have an associated HD.PARTPIN_LOCS, which will prevent the partial routing of the signal "config_data[24]". Without this partial route, timing analysis to/from this port will not be accurate, and no routing information for this port can be exported.
WARNING: [Route 35-198] Port "config_data[2]" does not have an associated HD.PARTPIN_LOCS, which will prevent the partial routing of the signal "config_data[2]". Without this partial route, timing analysis to/from this port will not be accurate, and no routing information for this port can be exported.
WARNING: [Route 35-198] Port "config_data[5]" does not have an associated HD.PARTPIN_LOCS, which will prevent the partial routing of the signal "config_data[5]". Without this partial route, timing analysis to/from this port will not be accurate, and no routing information for this port can be exported.
WARNING: [Route 35-198] Port "config_data[27]" does not have an associated HD.PARTPIN_LOCS, which will prevent the partial routing of the signal "config_data[27]". Without this partial route, timing analysis to/from this port will not be accurate, and no routing information for this port can be exported.
WARNING: [Route 35-198] Port "data_in_data[23]" does not have an associated HD.PARTPIN_LOCS, which will prevent the partial routing of the signal "data_in_data[23]". Without this partial route, timing analysis to/from this port will not be accurate, and no routing information for this port can be exported.
WARNING: [Route 35-198] Port "data_in_keep[2]" does not have an associated HD.PARTPIN_LOCS, which will prevent the partial routing of the signal "data_in_keep[2]". Without this partial route, timing analysis to/from this port will not be accurate, and no routing information for this port can be exported.
WARNING: [Route 35-198] Port "data_in_data[63]" does not have an associated HD.PARTPIN_LOCS, which will prevent the partial routing of the signal "data_in_data[63]". Without this partial route, timing analysis to/from this port will not be accurate, and no routing information for this port can be exported.
WARNING: [Route 35-198] Port "data_in_keep[7]" does not have an associated HD.PARTPIN_LOCS, which will prevent the partial routing of the signal "data_in_keep[7]". Without this partial route, timing analysis to/from this port will not be accurate, and no routing information for this port can be exported.
WARNING: [Route 35-198] Port "config_last" does not have an associated HD.PARTPIN_LOCS, which will prevent the partial routing of the signal "config_last". Without this partial route, timing analysis to/from this port will not be accurate, and no routing information for this port can be exported.
WARNING: [Route 35-198] Port "data_in_data[31]" does not have an associated HD.PARTPIN_LOCS, which will prevent the partial routing of the signal "data_in_data[31]". Without this partial route, timing analysis to/from this port will not be accurate, and no routing information for this port can be exported.
WARNING: [Route 35-198] Port "data_in_keep[3]" does not have an associated HD.PARTPIN_LOCS, which will prevent the partial routing of the signal "data_in_keep[3]". Without this partial route, timing analysis to/from this port will not be accurate, and no routing information for this port can be exported.
WARNING: [Route 35-198] Port "config_keep[3]" does not have an associated HD.PARTPIN_LOCS, which will prevent the partial routing of the signal "config_keep[3]". Without this partial route, timing analysis to/from this port will not be accurate, and no routing information for this port can be exported.
WARNING: [Route 35-198] Port "config_valid" does not have an associated HD.PARTPIN_LOCS, which will prevent the partial routing of the signal "config_valid". Without this partial route, timing analysis to/from this port will not be accurate, and no routing information for this port can be exported.
WARNING: [Route 35-198] Port "config_keep[0]" does not have an associated HD.PARTPIN_LOCS, which will prevent the partial routing of the signal "config_keep[0]". Without this partial route, timing analysis to/from this port will not be accurate, and no routing information for this port can be exported.
WARNING: [Route 35-198] Port "data_in_data[15]" does not have an associated HD.PARTPIN_LOCS, which will prevent the partial routing of the signal "data_in_data[15]". Without this partial route, timing analysis to/from this port will not be accurate, and no routing information for this port can be exported.
WARNING: [Route 35-198] Port "data_in_data[47]" does not have an associated HD.PARTPIN_LOCS, which will prevent the partial routing of the signal "data_in_data[47]". Without this partial route, timing analysis to/from this port will not be accurate, and no routing information for this port can be exported.
WARNING: [Route 35-198] Port "data_in_keep[1]" does not have an associated HD.PARTPIN_LOCS, which will prevent the partial routing of the signal "data_in_keep[1]". Without this partial route, timing analysis to/from this port will not be accurate, and no routing information for this port can be exported.
WARNING: [Route 35-198] Port "data_in_keep[5]" does not have an associated HD.PARTPIN_LOCS, which will prevent the partial routing of the signal "data_in_keep[5]". Without this partial route, timing analysis to/from this port will not be accurate, and no routing information for this port can be exported.
WARNING: [Route 35-198] Port "config_keep[6]" does not have an associated HD.PARTPIN_LOCS, which will prevent the partial routing of the signal "config_keep[6]". Without this partial route, timing analysis to/from this port will not be accurate, and no routing information for this port can be exported.
WARNING: [Route 35-198] Port "config_keep[5]" does not have an associated HD.PARTPIN_LOCS, which will prevent the partial routing of the signal "config_keep[5]". Without this partial route, timing analysis to/from this port will not be accurate, and no routing information for this port can be exported.
WARNING: [Route 35-198] Port "data_in_valid" does not have an associated HD.PARTPIN_LOCS, which will prevent the partial routing of the signal "data_in_valid". Without this partial route, timing analysis to/from this port will not be accurate, and no routing information for this port can be exported.
WARNING: [Route 35-198] Port "data_in_data[39]" does not have an associated HD.PARTPIN_LOCS, which will prevent the partial routing of the signal "data_in_data[39]". Without this partial route, timing analysis to/from this port will not be accurate, and no routing information for this port can be exported.
WARNING: [Route 35-198] Port "data_in_data[7]" does not have an associated HD.PARTPIN_LOCS, which will prevent the partial routing of the signal "data_in_data[7]". Without this partial route, timing analysis to/from this port will not be accurate, and no routing information for this port can be exported.
WARNING: [Route 35-198] Port "data_in_keep[0]" does not have an associated HD.PARTPIN_LOCS, which will prevent the partial routing of the signal "data_in_keep[0]". Without this partial route, timing analysis to/from this port will not be accurate, and no routing information for this port can be exported.
WARNING: [Route 35-198] Port "data_in_keep[4]" does not have an associated HD.PARTPIN_LOCS, which will prevent the partial routing of the signal "data_in_keep[4]". Without this partial route, timing analysis to/from this port will not be accurate, and no routing information for this port can be exported.
WARNING: [Route 35-198] Port "config_keep[4]" does not have an associated HD.PARTPIN_LOCS, which will prevent the partial routing of the signal "config_keep[4]". Without this partial route, timing analysis to/from this port will not be accurate, and no routing information for this port can be exported.
WARNING: [Route 35-198] Port "config_keep[2]" does not have an associated HD.PARTPIN_LOCS, which will prevent the partial routing of the signal "config_keep[2]". Without this partial route, timing analysis to/from this port will not be accurate, and no routing information for this port can be exported.
WARNING: [Route 35-198] Port "config_keep[7]" does not have an associated HD.PARTPIN_LOCS, which will prevent the partial routing of the signal "config_keep[7]". Without this partial route, timing analysis to/from this port will not be accurate, and no routing information for this port can be exported.
WARNING: [Route 35-198] Port "config_keep[1]" does not have an associated HD.PARTPIN_LOCS, which will prevent the partial routing of the signal "config_keep[1]". Without this partial route, timing analysis to/from this port will not be accurate, and no routing information for this port can be exported.
WARNING: [Route 35-198] Port "data_in_last" does not have an associated HD.PARTPIN_LOCS, which will prevent the partial routing of the signal "data_in_last". Without this partial route, timing analysis to/from this port will not be accurate, and no routing information for this port can be exported.
WARNING: [Route 35-198] Port "data_out_ready" does not have an associated HD.PARTPIN_LOCS, which will prevent the partial routing of the signal "data_out_ready". Without this partial route, timing analysis to/from this port will not be accurate, and no routing information for this port can be exported.
Post Restoration Checksum: NetGraph: 63318566 NumContArr: 55a36179 Constraints: 0 Timing: 0
Phase 1 Build RT Design | Checksum: b8d4e6df

Time (s): cpu = 00:00:18 ; elapsed = 00:00:11 . Memory (MB): peak = 7283.383 ; gain = 0.000 ; free physical = 10778 ; free virtual = 73228

Phase 2 Router Initialization

Phase 2.1 Fix Topology Constraints
Phase 2.1 Fix Topology Constraints | Checksum: b8d4e6df

Time (s): cpu = 00:00:18 ; elapsed = 00:00:12 . Memory (MB): peak = 7283.383 ; gain = 0.000 ; free physical = 10611 ; free virtual = 73061

Phase 2.2 Pre Route Cleanup
Phase 2.2 Pre Route Cleanup | Checksum: b8d4e6df

Time (s): cpu = 00:00:18 ; elapsed = 00:00:12 . Memory (MB): peak = 7283.383 ; gain = 0.000 ; free physical = 10611 ; free virtual = 73061

Phase 2.3 Global Clock Net Routing
Phase 2.3 Global Clock Net Routing | Checksum: b8d4e6df

Time (s): cpu = 00:00:25 ; elapsed = 00:00:14 . Memory (MB): peak = 7283.383 ; gain = 0.000 ; free physical = 10604 ; free virtual = 73055

Phase 2.4 Update Timing
Phase 2.4 Update Timing | Checksum: 15d4f4846

Time (s): cpu = 00:00:30 ; elapsed = 00:00:16 . Memory (MB): peak = 7283.383 ; gain = 0.000 ; free physical = 10594 ; free virtual = 73047
INFO: [Route 35-416] Intermediate Timing Summary | WNS=-1.296 | TNS=-5739.972| WHS=-0.059 | THS=-3.129 |


Router Utilization Summary
  Global Vertical Routing Utilization    = 0 %
  Global Horizontal Routing Utilization  = 0 %
  Routable Net Status*
  *Does not include unroutable nets such as driverless and loadless.
  Run report_route_status for detailed report.
  Number of Failed Nets               = 14122
    (Failed Nets is the sum of unrouted and partially routed nets)
  Number of Unrouted Nets             = 9809
  Number of Partially Routed Nets     = 4313
  Number of Node Overlaps             = 0

Phase 2 Router Initialization | Checksum: c2c6852a

Time (s): cpu = 00:00:45 ; elapsed = 00:00:21 . Memory (MB): peak = 7283.383 ; gain = 0.000 ; free physical = 10565 ; free virtual = 73020

Phase 3 Initial Routing

Phase 3.1 Global Routing

Phase 3.1.1 SLL Assignment
Number SLLs per Column: 1440
Estimated SLL Demand Per Column: 
  SLR [2-3]        0 (  0%)     0 (  0%)     0 (  0%)     0 (  0%)     0 (  0%)     0 (  0%)     0 (  0%)     0 (  0%)     0 (  0%)     0 (  0%)     0 (  0%)     0 (  0%)     0 (  0%)     0 (  0%)     0 (  0%)     0 (  0%)  Demand:     0 Available: 23040 Utilization(%): 0.00
  SLR [1-2]        0 (  0%)     0 (  0%)     0 (  0%)     0 (  0%)     0 (  0%)     0 (  0%)     0 (  0%)     0 (  0%)     0 (  0%)     0 (  0%)     0 (  0%)     0 (  0%)     0 (  0%)     0 (  0%)     0 (  0%)     0 (  0%)  Demand:     0 Available: 23040 Utilization(%): 0.00
  SLR [0-1]        0 (  0%)     0 (  0%)     0 (  0%)     0 (  0%)     0 (  0%)     0 (  0%)     0 (  0%)     0 (  0%)     0 (  0%)     0 (  0%)     0 (  0%)     0 (  0%)     0 (  0%)     0 (  0%)     0 (  0%)     0 (  0%)  Demand:     0 Available: 23040 Utilization(%): 0.00
Phase 3.1.1 SLL Assignment | Checksum: c2c6852a

Time (s): cpu = 00:00:46 ; elapsed = 00:00:22 . Memory (MB): peak = 7296.402 ; gain = 13.020 ; free physical = 10562 ; free virtual = 73019
Phase 3.1 Global Routing | Checksum: c2c6852a

Time (s): cpu = 00:00:46 ; elapsed = 00:00:22 . Memory (MB): peak = 7296.402 ; gain = 13.020 ; free physical = 10562 ; free virtual = 73019
Phase 3 Initial Routing | Checksum: 2742c4b74

Time (s): cpu = 00:01:06 ; elapsed = 00:00:28 . Memory (MB): peak = 7296.402 ; gain = 13.020 ; free physical = 10405 ; free virtual = 72861
INFO: [Route 35-580] Design has 13 pins with tight setup and hold constraints.

The top 5 pins with tight setup and hold constraints:

+==============+===============+======================================================================================+
| Launch Clock | Capture Clock | Pin                                                                                  |
+==============+===============+======================================================================================+
| clk          | clk           | DUT/gen_layers[2].mem_inst/gen_weight_ports[1].weight_word_addr_lo_issue_reg[1][4]/D |
| clk          | clk           | DUT/gen_layers[2].mem_inst/gen_weight_ports[1].weight_word_addr_lo_issue_reg[1][3]/D |
| clk          | clk           | DUT/gen_layers[2].mem_inst/gen_weight_ports[1].weight_word_addr_lo_issue_reg[1][2]/D |
| clk          | clk           | DUT/gen_layers[3].comp_inst/gen_np[5].np_inst/acc_reg[8]/D                           |
| clk          | clk           | DUT/gen_layers[3].comp_inst/gen_np[9].np_inst/acc_reg[8]/D                           |
+--------------+---------------+--------------------------------------------------------------------------------------+

File with complete list of pins: tight_setup_hold_pins.txt


Phase 4 Rip-up And Reroute

Phase 4.1 Global Iteration 0
 Number of Nodes with overlaps = 3731
 Number of Nodes with overlaps = 448
 Number of Nodes with overlaps = 94
 Number of Nodes with overlaps = 30
 Number of Nodes with overlaps = 11
 Number of Nodes with overlaps = 2
 Number of Nodes with overlaps = 2
 Number of Nodes with overlaps = 0
INFO: [Route 35-416] Intermediate Timing Summary | WNS=-1.555 | TNS=-15192.854| WHS=-0.029 | THS=-1.411 |

Phase 4.1 Global Iteration 0 | Checksum: 110ce0a74

Time (s): cpu = 00:02:02 ; elapsed = 00:00:58 . Memory (MB): peak = 7296.402 ; gain = 13.020 ; free physical = 10378 ; free virtual = 72837

Phase 4.2 Global Iteration 1
 Number of Nodes with overlaps = 44
 Number of Nodes with overlaps = 12
 Number of Nodes with overlaps = 6
 Number of Nodes with overlaps = 2
 Number of Nodes with overlaps = 0
INFO: [Route 35-416] Intermediate Timing Summary | WNS=-1.492 | TNS=-15253.537| WHS=N/A    | THS=N/A    |

Phase 4.2 Global Iteration 1 | Checksum: eff70ed8

Time (s): cpu = 00:02:13 ; elapsed = 00:01:07 . Memory (MB): peak = 7296.402 ; gain = 13.020 ; free physical = 10394 ; free virtual = 72852

Phase 4.3 Global Iteration 2
 Number of Nodes with overlaps = 17
 Number of Nodes with overlaps = 2
 Number of Nodes with overlaps = 1
 Number of Nodes with overlaps = 0
INFO: [Route 35-416] Intermediate Timing Summary | WNS=-1.468 | TNS=-15280.126| WHS=N/A    | THS=N/A    |

Phase 4.3 Global Iteration 2 | Checksum: 130c59556

Time (s): cpu = 00:02:22 ; elapsed = 00:01:14 . Memory (MB): peak = 7296.402 ; gain = 13.020 ; free physical = 10367 ; free virtual = 72829

Phase 4.4 Global Iteration 3
 Number of Nodes with overlaps = 12
 Number of Nodes with overlaps = 2
 Number of Nodes with overlaps = 0
INFO: [Route 35-416] Intermediate Timing Summary | WNS=-1.447 | TNS=-15284.870| WHS=N/A    | THS=N/A    |

Phase 4.4 Global Iteration 3 | Checksum: 9462a3fe

Time (s): cpu = 00:02:29 ; elapsed = 00:01:19 . Memory (MB): peak = 7296.402 ; gain = 13.020 ; free physical = 10379 ; free virtual = 72840

Phase 4.5 Global Iteration 4
 Number of Nodes with overlaps = 24
 Number of Nodes with overlaps = 5
 Number of Nodes with overlaps = 3
 Number of Nodes with overlaps = 4
 Number of Nodes with overlaps = 0
INFO: [Route 35-416] Intermediate Timing Summary | WNS=-1.449 | TNS=-15275.131| WHS=N/A    | THS=N/A    |

Phase 4.5 Global Iteration 4 | Checksum: 235ea666a

Time (s): cpu = 00:02:36 ; elapsed = 00:01:26 . Memory (MB): peak = 7296.402 ; gain = 13.020 ; free physical = 10390 ; free virtual = 72862
Phase 4 Rip-up And Reroute | Checksum: 235ea666a

Time (s): cpu = 00:02:36 ; elapsed = 00:01:26 . Memory (MB): peak = 7296.402 ; gain = 13.020 ; free physical = 10390 ; free virtual = 72862

Phase 5 Delay and Skew Optimization

Phase 5.1 Delay CleanUp

Phase 5.1.1 Update Timing
Phase 5.1.1 Update Timing | Checksum: 1a666c5b9

Time (s): cpu = 00:02:42 ; elapsed = 00:01:28 . Memory (MB): peak = 7296.402 ; gain = 13.020 ; free physical = 10390 ; free virtual = 72864
INFO: [Route 35-416] Intermediate Timing Summary | WNS=-1.447 | TNS=-15284.870| WHS=0.010  | THS=0.000  |

 Number of Nodes with overlaps = 0
Phase 5.1 Delay CleanUp | Checksum: 185c2d58b

Time (s): cpu = 00:02:44 ; elapsed = 00:01:29 . Memory (MB): peak = 7296.402 ; gain = 13.020 ; free physical = 10364 ; free virtual = 72838

Phase 5.2 Clock Skew Optimization
Phase 5.2 Clock Skew Optimization | Checksum: 185c2d58b

Time (s): cpu = 00:02:44 ; elapsed = 00:01:29 . Memory (MB): peak = 7296.402 ; gain = 13.020 ; free physical = 10364 ; free virtual = 72839
Phase 5 Delay and Skew Optimization | Checksum: 185c2d58b

Time (s): cpu = 00:02:44 ; elapsed = 00:01:29 . Memory (MB): peak = 7296.402 ; gain = 13.020 ; free physical = 10363 ; free virtual = 72838

Phase 6 Post Hold Fix

Phase 6.1 Hold Fix Iter

Phase 6.1.1 Update Timing
Phase 6.1.1 Update Timing | Checksum: 1c779c023

Time (s): cpu = 00:02:48 ; elapsed = 00:01:31 . Memory (MB): peak = 7296.402 ; gain = 13.020 ; free physical = 10360 ; free virtual = 72836
INFO: [Route 35-416] Intermediate Timing Summary | WNS=-1.443 | TNS=-15185.690| WHS=0.010  | THS=0.000  |

Phase 6.1 Hold Fix Iter | Checksum: 1c779c023

Time (s): cpu = 00:02:49 ; elapsed = 00:01:31 . Memory (MB): peak = 7296.402 ; gain = 13.020 ; free physical = 10360 ; free virtual = 72836
Phase 6 Post Hold Fix | Checksum: 1c779c023

Time (s): cpu = 00:02:49 ; elapsed = 00:01:31 . Memory (MB): peak = 7296.402 ; gain = 13.020 ; free physical = 10360 ; free virtual = 72836

Phase 7 Route finalize

Router Utilization Summary
  Global Vertical Routing Utilization    = 0.261743 %
  Global Horizontal Routing Utilization  = 0.194869 %
  Routable Net Status*
  *Does not include unroutable nets such as driverless and loadless.
  Run report_route_status for detailed report.
  Number of Failed Nets               = 0
    (Failed Nets is the sum of unrouted and partially routed nets)
  Number of Unrouted Nets             = 0
  Number of Partially Routed Nets     = 0
  Number of Node Overlaps             = 0

Congestion Report
North Dir 1x1 Area, Max Cong = 67.6056%, No Congested Regions.
South Dir 1x1 Area, Max Cong = 65.4028%, No Congested Regions.
East Dir 1x1 Area, Max Cong = 64.4231%, No Congested Regions.
West Dir 1x1 Area, Max Cong = 75.9615%, No Congested Regions.

------------------------------
Reporting congestion hotspots
------------------------------
Direction: North
----------------
Congested clusters found at Level 0
Effective congestion level: 0 Aspect Ratio: 1 Sparse Ratio: 0
Direction: South
----------------
Congested clusters found at Level 0
Effective congestion level: 0 Aspect Ratio: 1 Sparse Ratio: 0
Direction: East
----------------
Congested clusters found at Level 0
Effective congestion level: 0 Aspect Ratio: 1 Sparse Ratio: 0
Direction: West
----------------
Congested clusters found at Level 0
Effective congestion level: 0 Aspect Ratio: 1 Sparse Ratio: 0

Phase 7 Route finalize | Checksum: 13fdaf47a

Time (s): cpu = 00:02:53 ; elapsed = 00:01:32 . Memory (MB): peak = 7296.402 ; gain = 13.020 ; free physical = 10343 ; free virtual = 72820

Phase 8 Verifying routed nets

 Verification completed successfully
Phase 8 Verifying routed nets | Checksum: 13fdaf47a

Time (s): cpu = 00:02:53 ; elapsed = 00:01:33 . Memory (MB): peak = 7296.402 ; gain = 13.020 ; free physical = 10343 ; free virtual = 72820

Phase 9 Depositing Routes
Phase 9 Depositing Routes | Checksum: 13fdaf47a

Time (s): cpu = 00:02:54 ; elapsed = 00:01:33 . Memory (MB): peak = 7344.426 ; gain = 61.043 ; free physical = 10346 ; free virtual = 72818

Phase 10 Resolve XTalk
Phase 10 Resolve XTalk | Checksum: 13fdaf47a

Time (s): cpu = 00:02:54 ; elapsed = 00:01:34 . Memory (MB): peak = 7344.426 ; gain = 61.043 ; free physical = 10360 ; free virtual = 72832

Phase 11 Post Router Timing
INFO: [Route 35-57] Estimated Timing Summary | WNS=-1.443 | TNS=-15185.690| WHS=0.010  | THS=0.000  |

WARNING: [Route 35-328] Router estimated timing not met.
Resolution: For a complete and accurate timing signoff, report_timing_summary must be run after route_design. Alternatively, route_design can be run with the -timing_summary option to enable a complete timing signoff at the end of route_design.
Phase 11 Post Router Timing | Checksum: 13fdaf47a

Time (s): cpu = 00:02:56 ; elapsed = 00:01:34 . Memory (MB): peak = 7344.426 ; gain = 61.043 ; free physical = 10359 ; free virtual = 72832
Skip laguna hold fix in PhysOpt in Router as non-negative WHS value: 9.62497e-12 .
Time taken to check if laguna hold fix is required (in secs): 0

Phase 12 Physical Synthesis in Router

Phase 12.1 Physical Synthesis Initialization
INFO: [Physopt 32-668] Current Timing Summary | WNS=-1.443 | TNS=-14476.334 | WHS=0.010 | THS=0.000 |
Phase 12.1 Physical Synthesis Initialization | Checksum: 13fdaf47a

Time (s): cpu = 00:03:40 ; elapsed = 00:02:11 . Memory (MB): peak = 7344.426 ; gain = 61.043 ; free physical = 10211 ; free virtual = 72697
WARNING: [Physopt 32-745] Physical Optimization has determined that the magnitude of the negative slack is too large and it is highly unlikely that slack will be improved. Post-Route Physical Optimization is most effective when WNS is above -0.5ns

Phase 12.2 Critical Path Optimization
INFO: [Physopt 32-668] Current Timing Summary | WNS=-1.443 | TNS=-14476.334 | WHS=0.010 | THS=0.000 |
INFO: [Physopt 32-953] Path group WNS did not improve. Path group: clk. Processed net: DUT/gen_layers[1].mem_inst/rd_data_threshold_reg[3][31]_0[8].
INFO: [Physopt 32-953] Path group WNS did not improve. Path group: clk. Processed net: DUT/gen_layers[1].comp_inst/neuron_base_cnt_reg_n_0_[4].
INFO: [Physopt 32-953] Path group WNS did not improve. Path group: clk. Processed net: DUT/gen_layers[1].mem_inst/rd_data_threshold[3][8]_i_2_n_0.
INFO: [Physopt 32-668] Current Timing Summary | WNS=-1.443 | TNS=-14476.334 | WHS=0.010 | THS=0.000 |
Phase 12.2 Critical Path Optimization | Checksum: 13fdaf47a

Time (s): cpu = 00:03:42 ; elapsed = 00:02:12 . Memory (MB): peak = 7344.426 ; gain = 61.043 ; free physical = 10212 ; free virtual = 72699
Netlist sorting complete. Time (s): cpu = 00:00:00 ; elapsed = 00:00:00.01 . Memory (MB): peak = 7344.426 ; gain = 0.000 ; free physical = 10207 ; free virtual = 72695
INFO: [Physopt 32-669] Post Physical Optimization Timing Summary | WNS=-1.443 | TNS=-14476.334 | WHS=0.010 | THS=0.000 |
Phase 12 Physical Synthesis in Router | Checksum: 13fdaf47a

Time (s): cpu = 00:03:43 ; elapsed = 00:02:13 . Memory (MB): peak = 7344.426 ; gain = 61.043 ; free physical = 10316 ; free virtual = 72803
INFO: [Route 35-16] Router Completed Successfully

Time (s): cpu = 00:03:43 ; elapsed = 00:02:13 . Memory (MB): peak = 7344.426 ; gain = 61.043 ; free physical = 10652 ; free virtual = 73140
INFO: [Common 17-83] Releasing license: Implementation
27 Infos, 96 Warnings, 0 Critical Warnings and 0 Errors encountered.
route_design completed successfully
route_design: Time (s): cpu = 00:03:49 ; elapsed = 00:02:15 . Memory (MB): peak = 7344.426 ; gain = 61.043 ; free physical = 10652 ; free virtual = 73140
# write_checkpoint -force $output_dir/post_route.dcp
INFO: [Timing 38-480] Writing timing data to binary archive.
Writing placer database...
Writing XDEF routing.
Writing XDEF routing logical nets.
Writing XDEF routing special nets.
Write XDEF Complete: Time (s): cpu = 00:00:03 ; elapsed = 00:00:02 . Memory (MB): peak = 7344.426 ; gain = 0.000 ; free physical = 10616 ; free virtual = 73132
INFO: [Common 17-1381] The checkpoint '/ecel/UFAD/ymahmud/bnn_fcc_contest/openflex/build_vivado/outputs/post_route.dcp' has been generated.
write_checkpoint: Time (s): cpu = 00:00:09 ; elapsed = 00:00:09 . Memory (MB): peak = 7344.426 ; gain = 0.000 ; free physical = 10648 ; free virtual = 73136
# report_route_status -file $output_dir/post_route_status.rpt
# report_timing_summary -file $output_dir/post_route_timing_summary.rpt
# report_power -file $output_dir/post_route_power.rpt
Command: report_power -file ./outputs/post_route_power.rpt
Running Vector-less Activity Propagation...

Finished Running Vector-less Activity Propagation
0 Infos, 0 Warnings, 0 Critical Warnings and 0 Errors encountered.
report_power completed successfully
report_power: Time (s): cpu = 00:00:08 ; elapsed = 00:00:05 . Memory (MB): peak = 7344.426 ; gain = 0.000 ; free physical = 10635 ; free virtual = 73126
# report_drc -file $output_dir/post_imp_drc.rpt
Command: report_drc -file ./outputs/post_imp_drc.rpt
INFO: [IP_Flow 19-234] Refreshing IP repositories
INFO: [IP_Flow 19-1704] No user IP repositories specified
INFO: [IP_Flow 19-2313] Loaded Vivado IP repository '/apps/reconfig/tools/Xilinx/Vivado/2021.2/data/ip'.
INFO: [DRC 23-27] Running DRC with 8 threads
INFO: [Vivado_Tcl 2-168] The results of DRC are in file /ecel/UFAD/ymahmud/bnn_fcc_contest/openflex/build_vivado/outputs/post_imp_drc.rpt.
report_drc completed successfully
# report_design_analysis -timing -logic_level_distribution -of_timing_paths [get_timing_paths -max_paths 10000 -slack_lesser_than 0] -file $output_dir/route_vios.rpt
report_design_analysis: Time (s): cpu = 00:00:20 ; elapsed = 00:00:20 . Memory (MB): peak = 7344.426 ; gain = 0.000 ; free physical = 10556 ; free virtual = 73051
# report_timing -of [get_timing_paths -max_paths 1000 -slack_lesser_than 0] -file $output_dir/route_paths.rpt -rpx $output_dir/route_paths.rpx
# set wns ""
# foreach timing_entry [get_timing_paths -delay_type max] {
#     set slack [lindex [get_property SLACK $timing_entry] 0]    
#     if {$wns eq "" || $slack < $wns} {
#         set wns $slack
#     }
# }
# if {$wns ne ""} {    
#     set fMax [expr (1000 / ($clock_period - $wns))]
# } else {
#     set fMax "n/a"    
# }
# set utilization_output [get_utilization]
# set vivado_report_file "vivado_report.txt"
# set file_id [open $vivado_report_file "w"]
# puts $file_id $fMax
# puts $file_id $utilization_output
# close $file_id
# puts "----------------------------------------"
----------------------------------------
# puts " Flow complete"
 Flow complete
# puts "----------------------------------------"
----------------------------------------
INFO: [Common 17-206] Exiting Vivado at Sat Mar 28 15:05:39 2026...
